,index,wokID,holeID,holeType,hexRow,hexCol,xWok,yWok,zWok,ix,iy,iz,jx,jy,jz,kx,ky,kz
0,0,flatNominal,R-13C1,ApogeeBoss,-13.0,0.0,-145.6,-252.1866,0,0,-1,0,1,0,0,0,0,1
1,1,flatNominal,R-13C2,ApogeeBoss,-13.0,1.0,-123.2,-252.1866,0,0,-1,0,1,0,0,0,0,1
2,2,flatNominal,R-13C3,ApogeeBoss,-13.0,2.0,-100.8,-252.1866,0,0,-1,0,1,0,0,0,0,1
3,3,flatNominal,R-13C4,ApogeeBoss,-13.0,3.0,-78.4,-252.1866,0,0,-1,0,1,0,0,0,0,1
4,4,flatNominal,R-13C5,ApogeeBoss,-13.0,4.0,-56.0,-252.1866,0,0,-1,0,1,0,0,0,0,1
5,5,flatNominal,R-13C6,ApogeeBoss,-13.0,5.0,-33.6,-252.1866,0,0,-1,0,1,0,0,0,0,1
6,6,flatNominal,R-13C7,ApogeeBoss,-13.0,6.0,-11.2,-252.1866,0,0,-1,0,1,0,0,0,0,1
7,7,flatNominal,R-13C8,ApogeeBoss,-13.0,7.0,11.2,-252.1866,0,0,-1,0,1,0,0,0,0,1
8,8,flatNominal,R-13C9,ApogeeBoss,-13.0,8.0,33.6,-252.1866,0,0,-1,0,1,0,0,0,0,1
9,9,flatNominal,R-13C10,ApogeeBoss,-13.0,9.0,56.0,-252.1866,0,0,-1,0,1,0,0,0,0,1
10,10,flatNominal,R-13C11,ApogeeBoss,-13.0,10.0,78.4,-252.1866,0,0,-1,0,1,0,0,0,0,1
11,11,flatNominal,R-13C12,ApogeeBoss,-13.0,11.0,100.8,-252.1866,0,0,-1,0,1,0,0,0,0,1
12,12,flatNominal,R-13C13,ApogeeBoss,-13.0,12.0,123.2,-252.1866,0,0,-1,0,1,0,0,0,0,1
13,13,flatNominal,R-13C14,ApogeeBoss,-13.0,13.0,145.6,-252.1866,0,0,-1,0,1,0,0,0,0,1
14,14,flatNominal,R-12C1,ApogeeBoss,-12.0,0.0,-156.8,-232.7876,0,0,-1,0,1,0,0,0,0,1
15,15,flatNominal,R-12C2,ApogeeBoss,-12.0,1.0,-134.4,-232.7876,0,0,-1,0,1,0,0,0,0,1
16,16,flatNominal,R-12C3,Boss,-12.0,2.0,-112.0,-232.7876,0,0,-1,0,1,0,0,0,0,1
17,17,flatNominal,R-12C4,Boss,-12.0,3.0,-89.6,-232.7876,0,0,-1,0,1,0,0,0,0,1
18,18,flatNominal,R-12C5,Boss,-12.0,4.0,-67.2,-232.7876,0,0,-1,0,1,0,0,0,0,1
19,19,flatNominal,R-12C6,Boss,-12.0,5.0,-44.8,-232.7876,0,0,-1,0,1,0,0,0,0,1
20,20,flatNominal,R-12C7,Boss,-12.0,6.0,-22.4,-232.7876,0,0,-1,0,1,0,0,0,0,1
21,21,flatNominal,R-12C8,Fiducial,-12.0,7.0,0.0,-232.7876,0,0,-1,0,1,0,0,0,0,1
22,22,flatNominal,R-12C9,Boss,-12.0,8.0,22.4,-232.7876,0,0,-1,0,1,0,0,0,0,1
23,23,flatNominal,R-12C10,Boss,-12.0,9.0,44.8,-232.7876,0,0,-1,0,1,0,0,0,0,1
24,24,flatNominal,R-12C11,Boss,-12.0,10.0,67.2,-232.7876,0,0,-1,0,1,0,0,0,0,1
25,25,flatNominal,R-12C12,Boss,-12.0,11.0,89.6,-232.7876,0,0,-1,0,1,0,0,0,0,1
26,26,flatNominal,R-12C13,Boss,-12.0,12.0,112.0,-232.7876,0,0,-1,0,1,0,0,0,0,1
27,27,flatNominal,R-12C14,ApogeeBoss,-12.0,13.0,134.4,-232.7876,0,0,-1,0,1,0,0,0,0,1
28,28,flatNominal,R-12C15,ApogeeBoss,-12.0,14.0,156.8,-232.7876,0,0,-1,0,1,0,0,0,0,1
29,29,flatNominal,R-11C1,ApogeeBoss,-11.0,0.0,-168.0,-213.3887,0,0,-1,0,1,0,0,0,0,1
30,30,flatNominal,R-11C2,Boss,-11.0,1.0,-145.6,-213.3887,0,0,-1,0,1,0,0,0,0,1
31,31,flatNominal,R-11C3,ApogeeBoss,-11.0,2.0,-123.2,-213.3887,0,0,-1,0,1,0,0,0,0,1
32,32,flatNominal,R-11C4,ApogeeBoss,-11.0,3.0,-100.8,-213.3887,0,0,-1,0,1,0,0,0,0,1
33,33,flatNominal,R-11C5,ApogeeBoss,-11.0,4.0,-78.4,-213.3887,0,0,-1,0,1,0,0,0,0,1
34,34,flatNominal,R-11C6,ApogeeBoss,-11.0,5.0,-56.0,-213.3887,0,0,-1,0,1,0,0,0,0,1
35,35,flatNominal,R-11C7,ApogeeBoss,-11.0,6.0,-33.6,-213.3887,0,0,-1,0,1,0,0,0,0,1
36,36,flatNominal,R-11C8,ApogeeBoss,-11.0,7.0,-11.2,-213.3887,0,0,-1,0,1,0,0,0,0,1
37,37,flatNominal,R-11C9,ApogeeBoss,-11.0,8.0,11.2,-213.3887,0,0,-1,0,1,0,0,0,0,1
38,38,flatNominal,R-11C10,ApogeeBoss,-11.0,9.0,33.6,-213.3887,0,0,-1,0,1,0,0,0,0,1
39,39,flatNominal,R-11C11,ApogeeBoss,-11.0,10.0,56.0,-213.3887,0,0,-1,0,1,0,0,0,0,1
40,40,flatNominal,R-11C12,ApogeeBoss,-11.0,11.0,78.4,-213.3887,0,0,-1,0,1,0,0,0,0,1
41,41,flatNominal,R-11C13,ApogeeBoss,-11.0,12.0,100.8,-213.3887,0,0,-1,0,1,0,0,0,0,1
42,42,flatNominal,R-11C14,ApogeeBoss,-11.0,13.0,123.2,-213.3887,0,0,-1,0,1,0,0,0,0,1
43,43,flatNominal,R-11C15,Boss,-11.0,14.0,145.6,-213.3887,0,0,-1,0,1,0,0,0,0,1
44,44,flatNominal,R-11C16,ApogeeBoss,-11.0,15.0,168.0,-213.3887,0,0,-1,0,1,0,0,0,0,1
45,45,flatNominal,R-10C1,ApogeeBoss,-10.0,0.0,-179.2,-193.9897,0,0,-1,0,1,0,0,0,0,1
46,46,flatNominal,R-10C2,Boss,-10.0,1.0,-156.8,-193.9897,0,0,-1,0,1,0,0,0,0,1
47,47,flatNominal,R-10C3,ApogeeBoss,-10.0,2.0,-134.4,-193.9897,0,0,-1,0,1,0,0,0,0,1
48,48,flatNominal,R-10C4,Fiducial,-10.0,3.0,-112.0,-193.9897,0,0,-1,0,1,0,0,0,0,1
49,49,flatNominal,R-10C5,Boss,-10.0,4.0,-89.6,-193.9897,0,0,-1,0,1,0,0,0,0,1
50,50,flatNominal,R-10C6,Boss,-10.0,5.0,-67.2,-193.9897,0,0,-1,0,1,0,0,0,0,1
51,51,flatNominal,R-10C7,Fiducial,-10.0,6.0,-44.8,-193.9897,0,0,-1,0,1,0,0,0,0,1
52,52,flatNominal,R-10C8,Boss,-10.0,7.0,-22.4,-193.9897,0,0,-1,0,1,0,0,0,0,1
53,53,flatNominal,R-10C9,Boss,-10.0,8.0,0.0,-193.9897,0,0,-1,0,1,0,0,0,0,1
54,54,flatNominal,R-10C10,Boss,-10.0,9.0,22.4,-193.9897,0,0,-1,0,1,0,0,0,0,1
55,55,flatNominal,R-10C11,Fiducial,-10.0,10.0,44.8,-193.9897,0,0,-1,0,1,0,0,0,0,1
56,56,flatNominal,R-10C12,Boss,-10.0,11.0,67.2,-193.9897,0,0,-1,0,1,0,0,0,0,1
57,57,flatNominal,R-10C13,Boss,-10.0,12.0,89.6,-193.9897,0,0,-1,0,1,0,0,0,0,1
58,58,flatNominal,R-10C14,Fiducial,-10.0,13.0,112.0,-193.9897,0,0,-1,0,1,0,0,0,0,1
59,59,flatNominal,R-10C15,ApogeeBoss,-10.0,14.0,134.4,-193.9897,0,0,-1,0,1,0,0,0,0,1
60,60,flatNominal,R-10C16,Boss,-10.0,15.0,156.8,-193.9897,0,0,-1,0,1,0,0,0,0,1
61,61,flatNominal,R-10C17,ApogeeBoss,-10.0,16.0,179.2,-193.9897,0,0,-1,0,1,0,0,0,0,1
62,62,flatNominal,R-9C1,ApogeeBoss,-9.0,0.0,-190.4,-174.5907,0,0,-1,0,1,0,0,0,0,1
63,63,flatNominal,R-9C2,Boss,-9.0,1.0,-168.0,-174.5907,0,0,-1,0,1,0,0,0,0,1
64,64,flatNominal,R-9C3,ApogeeBoss,-9.0,2.0,-145.6,-174.5907,0,0,-1,0,1,0,0,0,0,1
65,65,flatNominal,R-9C4,Boss,-9.0,3.0,-123.2,-174.5907,0,0,-1,0,1,0,0,0,0,1
66,66,flatNominal,R-9C5,ApogeeBoss,-9.0,4.0,-100.8,-174.5907,0,0,-1,0,1,0,0,0,0,1
67,67,flatNominal,R-9C6,ApogeeBoss,-9.0,5.0,-78.4,-174.5907,0,0,-1,0,1,0,0,0,0,1
68,68,flatNominal,R-9C7,ApogeeBoss,-9.0,6.0,-56.0,-174.5907,0,0,-1,0,1,0,0,0,0,1
69,69,flatNominal,R-9C8,ApogeeBoss,-9.0,7.0,-33.6,-174.5907,0,0,-1,0,1,0,0,0,0,1
70,70,flatNominal,R-9C9,ApogeeBoss,-9.0,8.0,-11.2,-174.5907,0,0,-1,0,1,0,0,0,0,1
71,71,flatNominal,R-9C10,ApogeeBoss,-9.0,9.0,11.2,-174.5907,0,0,-1,0,1,0,0,0,0,1
72,72,flatNominal,R-9C11,ApogeeBoss,-9.0,10.0,33.6,-174.5907,0,0,-1,0,1,0,0,0,0,1
73,73,flatNominal,R-9C12,ApogeeBoss,-9.0,11.0,56.0,-174.5907,0,0,-1,0,1,0,0,0,0,1
74,74,flatNominal,R-9C13,ApogeeBoss,-9.0,12.0,78.4,-174.5907,0,0,-1,0,1,0,0,0,0,1
75,75,flatNominal,R-9C14,ApogeeBoss,-9.0,13.0,100.8,-174.5907,0,0,-1,0,1,0,0,0,0,1
76,76,flatNominal,R-9C15,Boss,-9.0,14.0,123.2,-174.5907,0,0,-1,0,1,0,0,0,0,1
77,77,flatNominal,R-9C16,ApogeeBoss,-9.0,15.0,145.6,-174.5907,0,0,-1,0,1,0,0,0,0,1
78,78,flatNominal,R-9C17,Boss,-9.0,16.0,168.0,-174.5907,0,0,-1,0,1,0,0,0,0,1
79,79,flatNominal,R-9C18,ApogeeBoss,-9.0,17.0,190.4,-174.5907,0,0,-1,0,1,0,0,0,0,1
80,80,flatNominal,R-8C1,ApogeeBoss,-8.0,0.0,-201.6,-155.1918,0,0,-1,0,1,0,0,0,0,1
81,81,flatNominal,R-8C2,Boss,-8.0,1.0,-179.2,-155.1918,0,0,-1,0,1,0,0,0,0,1
82,82,flatNominal,R-8C3,ApogeeBoss,-8.0,2.0,-156.8,-155.1918,0,0,-1,0,1,0,0,0,0,1
83,83,flatNominal,R-8C4,Boss,-8.0,3.0,-134.4,-155.1918,0,0,-1,0,1,0,0,0,0,1
84,84,flatNominal,R-8C5,ApogeeBoss,-8.0,4.0,-112.0,-155.1918,0,0,-1,0,1,0,0,0,0,1
85,85,flatNominal,R-8C6,Boss,-8.0,5.0,-89.6,-155.1918,0,0,-1,0,1,0,0,0,0,1
86,86,flatNominal,R-8C7,Boss,-8.0,6.0,-67.2,-155.1918,0,0,-1,0,1,0,0,0,0,1
87,87,flatNominal,R-8C8,Boss,-8.0,7.0,-44.8,-155.1918,0,0,-1,0,1,0,0,0,0,1
88,88,flatNominal,R-8C9,Boss,-8.0,8.0,-22.4,-155.1918,0,0,-1,0,1,0,0,0,0,1
89,89,flatNominal,R-8C10,Fiducial,-8.0,9.0,0.0,-155.1918,0,0,-1,0,1,0,0,0,0,1
90,90,flatNominal,R-8C11,Boss,-8.0,10.0,22.4,-155.1918,0,0,-1,0,1,0,0,0,0,1
91,91,flatNominal,R-8C12,Boss,-8.0,11.0,44.8,-155.1918,0,0,-1,0,1,0,0,0,0,1
92,92,flatNominal,R-8C13,Boss,-8.0,12.0,67.2,-155.1918,0,0,-1,0,1,0,0,0,0,1
93,93,flatNominal,R-8C14,Boss,-8.0,13.0,89.6,-155.1918,0,0,-1,0,1,0,0,0,0,1
94,94,flatNominal,R-8C15,ApogeeBoss,-8.0,14.0,112.0,-155.1918,0,0,-1,0,1,0,0,0,0,1
95,95,flatNominal,R-8C16,Boss,-8.0,15.0,134.4,-155.1918,0,0,-1,0,1,0,0,0,0,1
96,96,flatNominal,R-8C17,ApogeeBoss,-8.0,16.0,156.8,-155.1918,0,0,-1,0,1,0,0,0,0,1
97,97,flatNominal,R-8C18,Boss,-8.0,17.0,179.2,-155.1918,0,0,-1,0,1,0,0,0,0,1
98,98,flatNominal,R-8C19,ApogeeBoss,-8.0,18.0,201.6,-155.1918,0,0,-1,0,1,0,0,0,0,1
99,99,flatNominal,R-7C1,ApogeeBoss,-7.0,0.0,-212.8,-135.7928,0,0,-1,0,1,0,0,0,0,1
100,100,flatNominal,R-7C2,Boss,-7.0,1.0,-190.4,-135.7928,0,0,-1,0,1,0,0,0,0,1
101,101,flatNominal,R-7C3,ApogeeBoss,-7.0,2.0,-168.0,-135.7928,0,0,-1,0,1,0,0,0,0,1
102,102,flatNominal,R-7C4,Fiducial,-7.0,3.0,-145.6,-135.7928,0,0,-1,0,1,0,0,0,0,1
103,103,flatNominal,R-7C5,ApogeeBoss,-7.0,4.0,-123.2,-135.7928,0,0,-1,0,1,0,0,0,0,1
104,104,flatNominal,R-7C6,Boss,-7.0,5.0,-100.8,-135.7928,0,0,-1,0,1,0,0,0,0,1
105,105,flatNominal,R-7C7,ApogeeBoss,-7.0,6.0,-78.4,-135.7928,0,0,-1,0,1,0,0,0,0,1
106,106,flatNominal,R-7C8,ApogeeBoss,-7.0,7.0,-56.0,-135.7928,0,0,-1,0,1,0,0,0,0,1
107,107,flatNominal,R-7C9,ApogeeBoss,-7.0,8.0,-33.6,-135.7928,0,0,-1,0,1,0,0,0,0,1
108,108,flatNominal,R-7C10,ApogeeBoss,-7.0,9.0,-11.2,-135.7928,0,0,-1,0,1,0,0,0,0,1
109,109,flatNominal,R-7C11,ApogeeBoss,-7.0,10.0,11.2,-135.7928,0,0,-1,0,1,0,0,0,0,1
110,110,flatNominal,R-7C12,ApogeeBoss,-7.0,11.0,33.6,-135.7928,0,0,-1,0,1,0,0,0,0,1
111,111,flatNominal,R-7C13,ApogeeBoss,-7.0,12.0,56.0,-135.7928,0,0,-1,0,1,0,0,0,0,1
112,112,flatNominal,R-7C14,ApogeeBoss,-7.0,13.0,78.4,-135.7928,0,0,-1,0,1,0,0,0,0,1
113,113,flatNominal,R-7C15,Boss,-7.0,14.0,100.8,-135.7928,0,0,-1,0,1,0,0,0,0,1
114,114,flatNominal,R-7C16,ApogeeBoss,-7.0,15.0,123.2,-135.7928,0,0,-1,0,1,0,0,0,0,1
115,115,flatNominal,R-7C17,Fiducial,-7.0,16.0,145.6,-135.7928,0,0,-1,0,1,0,0,0,0,1
116,116,flatNominal,R-7C18,ApogeeBoss,-7.0,17.0,168.0,-135.7928,0,0,-1,0,1,0,0,0,0,1
117,117,flatNominal,R-7C19,Boss,-7.0,18.0,190.4,-135.7928,0,0,-1,0,1,0,0,0,0,1
118,118,flatNominal,R-7C20,ApogeeBoss,-7.0,19.0,212.8,-135.7928,0,0,-1,0,1,0,0,0,0,1
119,119,flatNominal,R-6C1,ApogeeBoss,-6.0,0.0,-224.0,-116.3938,0,0,-1,0,1,0,0,0,0,1
120,120,flatNominal,R-6C2,Fiducial,-6.0,1.0,-201.6,-116.3938,0,0,-1,0,1,0,0,0,0,1
121,121,flatNominal,R-6C3,ApogeeBoss,-6.0,2.0,-179.2,-116.3938,0,0,-1,0,1,0,0,0,0,1
122,122,flatNominal,R-6C4,Boss,-6.0,3.0,-156.8,-116.3938,0,0,-1,0,1,0,0,0,0,1
123,123,flatNominal,R-6C5,ApogeeBoss,-6.0,4.0,-134.4,-116.3938,0,0,-1,0,1,0,0,0,0,1
124,124,flatNominal,R-6C6,Boss,-6.0,5.0,-112.0,-116.3938,0,0,-1,0,1,0,0,0,0,1
125,125,flatNominal,R-6C7,ApogeeBoss,-6.0,6.0,-89.6,-116.3938,0,0,-1,0,1,0,0,0,0,1
126,126,flatNominal,R-6C8,Fiducial,-6.0,7.0,-67.2,-116.3938,0,0,-1,0,1,0,0,0,0,1
127,127,flatNominal,R-6C9,Boss,-6.0,8.0,-44.8,-116.3938,0,0,-1,0,1,0,0,0,0,1
128,128,flatNominal,R-6C10,Boss,-6.0,9.0,-22.4,-116.3938,0,0,-1,0,1,0,0,0,0,1
129,129,flatNominal,R-6C11,Boss,-6.0,10.0,0.0,-116.3938,0,0,-1,0,1,0,0,0,0,1
130,130,flatNominal,R-6C12,Boss,-6.0,11.0,22.4,-116.3938,0,0,-1,0,1,0,0,0,0,1
131,131,flatNominal,R-6C13,Boss,-6.0,12.0,44.8,-116.3938,0,0,-1,0,1,0,0,0,0,1
132,132,flatNominal,R-6C14,Fiducial,-6.0,13.0,67.2,-116.3938,0,0,-1,0,1,0,0,0,0,1
133,133,flatNominal,R-6C15,ApogeeBoss,-6.0,14.0,89.6,-116.3938,0,0,-1,0,1,0,0,0,0,1
134,134,flatNominal,R-6C16,Boss,-6.0,15.0,112.0,-116.3938,0,0,-1,0,1,0,0,0,0,1
135,135,flatNominal,R-6C17,ApogeeBoss,-6.0,16.0,134.4,-116.3938,0,0,-1,0,1,0,0,0,0,1
136,136,flatNominal,R-6C18,Boss,-6.0,17.0,156.8,-116.3938,0,0,-1,0,1,0,0,0,0,1
137,137,flatNominal,R-6C19,ApogeeBoss,-6.0,18.0,179.2,-116.3938,0,0,-1,0,1,0,0,0,0,1
138,138,flatNominal,R-6C20,Fiducial,-6.0,19.0,201.6,-116.3938,0,0,-1,0,1,0,0,0,0,1
139,139,flatNominal,R-6C21,ApogeeBoss,-6.0,20.0,224.0,-116.3938,0,0,-1,0,1,0,0,0,0,1
140,140,flatNominal,R-5C1,ApogeeBoss,-5.0,0.0,-235.2,-96.9948,0,0,-1,0,1,0,0,0,0,1
141,141,flatNominal,R-5C2,Boss,-5.0,1.0,-212.8,-96.9948,0,0,-1,0,1,0,0,0,0,1
142,142,flatNominal,R-5C3,ApogeeBoss,-5.0,2.0,-190.4,-96.9948,0,0,-1,0,1,0,0,0,0,1
143,143,flatNominal,R-5C4,Boss,-5.0,3.0,-168.0,-96.9948,0,0,-1,0,1,0,0,0,0,1
144,144,flatNominal,R-5C5,ApogeeBoss,-5.0,4.0,-145.6,-96.9948,0,0,-1,0,1,0,0,0,0,1
145,145,flatNominal,R-5C6,Boss,-5.0,5.0,-123.2,-96.9948,0,0,-1,0,1,0,0,0,0,1
146,146,flatNominal,R-5C7,ApogeeBoss,-5.0,6.0,-100.8,-96.9948,0,0,-1,0,1,0,0,0,0,1
147,147,flatNominal,R-5C8,Boss,-5.0,7.0,-78.4,-96.9948,0,0,-1,0,1,0,0,0,0,1
148,148,flatNominal,R-5C9,ApogeeBoss,-5.0,8.0,-56.0,-96.9948,0,0,-1,0,1,0,0,0,0,1
149,149,flatNominal,R-5C10,ApogeeBoss,-5.0,9.0,-33.6,-96.9948,0,0,-1,0,1,0,0,0,0,1
150,150,flatNominal,R-5C11,ApogeeBoss,-5.0,10.0,-11.2,-96.9948,0,0,-1,0,1,0,0,0,0,1
151,151,flatNominal,R-5C12,ApogeeBoss,-5.0,11.0,11.2,-96.9948,0,0,-1,0,1,0,0,0,0,1
152,152,flatNominal,R-5C13,ApogeeBoss,-5.0,12.0,33.6,-96.9948,0,0,-1,0,1,0,0,0,0,1
153,153,flatNominal,R-5C14,ApogeeBoss,-5.0,13.0,56.0,-96.9948,0,0,-1,0,1,0,0,0,0,1
154,154,flatNominal,R-5C15,Boss,-5.0,14.0,78.4,-96.9948,0,0,-1,0,1,0,0,0,0,1
155,155,flatNominal,R-5C16,ApogeeBoss,-5.0,15.0,100.8,-96.9948,0,0,-1,0,1,0,0,0,0,1
156,156,flatNominal,R-5C17,Boss,-5.0,16.0,123.2,-96.9948,0,0,-1,0,1,0,0,0,0,1
157,157,flatNominal,R-5C18,ApogeeBoss,-5.0,17.0,145.6,-96.9948,0,0,-1,0,1,0,0,0,0,1
158,158,flatNominal,R-5C19,Boss,-5.0,18.0,168.0,-96.9948,0,0,-1,0,1,0,0,0,0,1
159,159,flatNominal,R-5C20,ApogeeBoss,-5.0,19.0,190.4,-96.9948,0,0,-1,0,1,0,0,0,0,1
160,160,flatNominal,R-5C21,Boss,-5.0,20.0,212.8,-96.9948,0,0,-1,0,1,0,0,0,0,1
161,161,flatNominal,R-5C22,ApogeeBoss,-5.0,21.0,235.2,-96.9948,0,0,-1,0,1,0,0,0,0,1
162,162,flatNominal,R-4C1,ApogeeBoss,-4.0,0.0,-246.4,-77.5959,0,0,-1,0,1,0,0,0,0,1
163,163,flatNominal,R-4C2,Boss,-4.0,1.0,-224.0,-77.5959,0,0,-1,0,1,0,0,0,0,1
164,164,flatNominal,R-4C3,ApogeeBoss,-4.0,2.0,-201.6,-77.5959,0,0,-1,0,1,0,0,0,0,1
165,165,flatNominal,R-4C4,Boss,-4.0,3.0,-179.2,-77.5959,0,0,-1,0,1,0,0,0,0,1
166,166,flatNominal,R-4C5,ApogeeBoss,-4.0,4.0,-156.8,-77.5959,0,0,-1,0,1,0,0,0,0,1
167,167,flatNominal,R-4C6,Fiducial,-4.0,5.0,-134.4,-77.5959,0,0,-1,0,1,0,0,0,0,1
168,168,flatNominal,R-4C7,ApogeeBoss,-4.0,6.0,-112.0,-77.5959,0,0,-1,0,1,0,0,0,0,1
169,169,flatNominal,R-4C8,Boss,-4.0,7.0,-89.6,-77.5959,0,0,-1,0,1,0,0,0,0,1
170,170,flatNominal,R-4C9,ApogeeBoss,-4.0,8.0,-67.2,-77.5959,0,0,-1,0,1,0,0,0,0,1
171,171,flatNominal,R-4C10,Boss,-4.0,9.0,-44.8,-77.5959,0,0,-1,0,1,0,0,0,0,1
172,172,flatNominal,R-4C11,Boss,-4.0,10.0,-22.4,-77.5959,0,0,-1,0,1,0,0,0,0,1
173,173,flatNominal,R-4C12,Boss,-4.0,11.0,0.0,-77.5959,0,0,-1,0,1,0,0,0,0,1
174,174,flatNominal,R-4C13,Boss,-4.0,12.0,22.4,-77.5959,0,0,-1,0,1,0,0,0,0,1
175,175,flatNominal,R-4C14,Boss,-4.0,13.0,44.8,-77.5959,0,0,-1,0,1,0,0,0,0,1
176,176,flatNominal,R-4C15,ApogeeBoss,-4.0,14.0,67.2,-77.5959,0,0,-1,0,1,0,0,0,0,1
177,177,flatNominal,R-4C16,Boss,-4.0,15.0,89.6,-77.5959,0,0,-1,0,1,0,0,0,0,1
178,178,flatNominal,R-4C17,ApogeeBoss,-4.0,16.0,112.0,-77.5959,0,0,-1,0,1,0,0,0,0,1
179,179,flatNominal,R-4C18,Fiducial,-4.0,17.0,134.4,-77.5959,0,0,-1,0,1,0,0,0,0,1
180,180,flatNominal,R-4C19,ApogeeBoss,-4.0,18.0,156.8,-77.5959,0,0,-1,0,1,0,0,0,0,1
181,181,flatNominal,R-4C20,Boss,-4.0,19.0,179.2,-77.5959,0,0,-1,0,1,0,0,0,0,1
182,182,flatNominal,R-4C21,ApogeeBoss,-4.0,20.0,201.6,-77.5959,0,0,-1,0,1,0,0,0,0,1
183,183,flatNominal,R-4C22,Boss,-4.0,21.0,224.0,-77.5959,0,0,-1,0,1,0,0,0,0,1
184,184,flatNominal,R-4C23,ApogeeBoss,-4.0,22.0,246.4,-77.5959,0,0,-1,0,1,0,0,0,0,1
185,185,flatNominal,R-3C1,ApogeeBoss,-3.0,0.0,-257.6,-58.1969,0,0,-1,0,1,0,0,0,0,1
186,186,flatNominal,R-3C2,Boss,-3.0,1.0,-235.2,-58.1969,0,0,-1,0,1,0,0,0,0,1
187,187,flatNominal,R-3C3,ApogeeBoss,-3.0,2.0,-212.8,-58.1969,0,0,-1,0,1,0,0,0,0,1
188,188,flatNominal,R-3C4,Fiducial,-3.0,3.0,-190.4,-58.1969,0,0,-1,0,1,0,0,0,0,1
189,189,flatNominal,R-3C5,ApogeeBoss,-3.0,4.0,-168.0,-58.1969,0,0,-1,0,1,0,0,0,0,1
190,190,flatNominal,R-3C6,Boss,-3.0,5.0,-145.6,-58.1969,0,0,-1,0,1,0,0,0,0,1
191,191,flatNominal,R-3C7,ApogeeBoss,-3.0,6.0,-123.2,-58.1969,0,0,-1,0,1,0,0,0,0,1
192,192,flatNominal,R-3C8,Boss,-3.0,7.0,-100.8,-58.1969,0,0,-1,0,1,0,0,0,0,1
193,193,flatNominal,R-3C9,ApogeeBoss,-3.0,8.0,-78.4,-58.1969,0,0,-1,0,1,0,0,0,0,1
194,194,flatNominal,R-3C10,Boss,-3.0,9.0,-56.0,-58.1969,0,0,-1,0,1,0,0,0,0,1
195,195,flatNominal,R-3C11,ApogeeBoss,-3.0,10.0,-33.6,-58.1969,0,0,-1,0,1,0,0,0,0,1
196,196,flatNominal,R-3C12,ApogeeBoss,-3.0,11.0,-11.2,-58.1969,0,0,-1,0,1,0,0,0,0,1
197,197,flatNominal,R-3C13,ApogeeBoss,-3.0,12.0,11.2,-58.1969,0,0,-1,0,1,0,0,0,0,1
198,198,flatNominal,R-3C14,ApogeeBoss,-3.0,13.0,33.6,-58.1969,0,0,-1,0,1,0,0,0,0,1
199,199,flatNominal,R-3C15,Boss,-3.0,14.0,56.0,-58.1969,0,0,-1,0,1,0,0,0,0,1
200,200,flatNominal,R-3C16,ApogeeBoss,-3.0,15.0,78.4,-58.1969,0,0,-1,0,1,0,0,0,0,1
201,201,flatNominal,R-3C17,Boss,-3.0,16.0,100.8,-58.1969,0,0,-1,0,1,0,0,0,0,1
202,202,flatNominal,R-3C18,ApogeeBoss,-3.0,17.0,123.2,-58.1969,0,0,-1,0,1,0,0,0,0,1
203,203,flatNominal,R-3C19,Boss,-3.0,18.0,145.6,-58.1969,0,0,-1,0,1,0,0,0,0,1
204,204,flatNominal,R-3C20,ApogeeBoss,-3.0,19.0,168.0,-58.1969,0,0,-1,0,1,0,0,0,0,1
205,205,flatNominal,R-3C21,Fiducial,-3.0,20.0,190.4,-58.1969,0,0,-1,0,1,0,0,0,0,1
206,206,flatNominal,R-3C22,ApogeeBoss,-3.0,21.0,212.8,-58.1969,0,0,-1,0,1,0,0,0,0,1
207,207,flatNominal,R-3C23,Boss,-3.0,22.0,235.2,-58.1969,0,0,-1,0,1,0,0,0,0,1
208,208,flatNominal,R-3C24,ApogeeBoss,-3.0,23.0,257.6,-58.1969,0,0,-1,0,1,0,0,0,0,1
209,209,flatNominal,R-2C1,ApogeeBoss,-2.0,0.0,-268.8,-38.7979,0,0,-1,0,1,0,0,0,0,1
210,210,flatNominal,R-2C2,Boss,-2.0,1.0,-246.4,-38.7979,0,0,-1,0,1,0,0,0,0,1
211,211,flatNominal,R-2C3,ApogeeBoss,-2.0,2.0,-224.0,-38.7979,0,0,-1,0,1,0,0,0,0,1
212,212,flatNominal,R-2C4,Boss,-2.0,3.0,-201.6,-38.7979,0,0,-1,0,1,0,0,0,0,1
213,213,flatNominal,R-2C5,ApogeeBoss,-2.0,4.0,-179.2,-38.7979,0,0,-1,0,1,0,0,0,0,1
214,214,flatNominal,R-2C6,Boss,-2.0,5.0,-156.8,-38.7979,0,0,-1,0,1,0,0,0,0,1
215,215,flatNominal,R-2C7,ApogeeBoss,-2.0,6.0,-134.4,-38.7979,0,0,-1,0,1,0,0,0,0,1
216,216,flatNominal,R-2C8,Boss,-2.0,7.0,-112.0,-38.7979,0,0,-1,0,1,0,0,0,0,1
217,217,flatNominal,R-2C9,ApogeeBoss,-2.0,8.0,-89.6,-38.7979,0,0,-1,0,1,0,0,0,0,1
218,219,flatNominal,R-2C11,ApogeeBoss,-2.0,10.0,-44.8,-38.7979,0,0,-1,0,1,0,0,0,0,1
219,220,flatNominal,R-2C12,Fiducial,-2.0,11.0,-22.4,-38.7979,0,0,-1,0,1,0,0,0,0,1
220,221,flatNominal,R-2C13,Boss,-2.0,12.0,0.0,-38.7979,0,0,-1,0,1,0,0,0,0,1
221,222,flatNominal,R-2C14,Fiducial,-2.0,13.0,22.4,-38.7979,0,0,-1,0,1,0,0,0,0,1
222,223,flatNominal,R-2C15,ApogeeBoss,-2.0,14.0,44.8,-38.7979,0,0,-1,0,1,0,0,0,0,1
223,225,flatNominal,R-2C17,ApogeeBoss,-2.0,16.0,89.6,-38.7979,0,0,-1,0,1,0,0,0,0,1
224,226,flatNominal,R-2C18,Boss,-2.0,17.0,112.0,-38.7979,0,0,-1,0,1,0,0,0,0,1
225,227,flatNominal,R-2C19,ApogeeBoss,-2.0,18.0,134.4,-38.7979,0,0,-1,0,1,0,0,0,0,1
226,228,flatNominal,R-2C20,Boss,-2.0,19.0,156.8,-38.7979,0,0,-1,0,1,0,0,0,0,1
227,229,flatNominal,R-2C21,ApogeeBoss,-2.0,20.0,179.2,-38.7979,0,0,-1,0,1,0,0,0,0,1
228,230,flatNominal,R-2C22,Boss,-2.0,21.0,201.6,-38.7979,0,0,-1,0,1,0,0,0,0,1
229,231,flatNominal,R-2C23,ApogeeBoss,-2.0,22.0,224.0,-38.7979,0,0,-1,0,1,0,0,0,0,1
230,232,flatNominal,R-2C24,Boss,-2.0,23.0,246.4,-38.7979,0,0,-1,0,1,0,0,0,0,1
231,233,flatNominal,R-2C25,ApogeeBoss,-2.0,24.0,268.8,-38.7979,0,0,-1,0,1,0,0,0,0,1
232,234,flatNominal,R-1C1,ApogeeBoss,-1.0,0.0,-280.0,-19.399,0,0,-1,0,1,0,0,0,0,1
233,235,flatNominal,R-1C2,Boss,-1.0,1.0,-257.6,-19.399,0,0,-1,0,1,0,0,0,0,1
234,236,flatNominal,R-1C3,ApogeeBoss,-1.0,2.0,-235.2,-19.399,0,0,-1,0,1,0,0,0,0,1
235,237,flatNominal,R-1C4,Boss,-1.0,3.0,-212.8,-19.399,0,0,-1,0,1,0,0,0,0,1
236,238,flatNominal,R-1C5,ApogeeBoss,-1.0,4.0,-190.4,-19.399,0,0,-1,0,1,0,0,0,0,1
237,239,flatNominal,R-1C6,Boss,-1.0,5.0,-168.0,-19.399,0,0,-1,0,1,0,0,0,0,1
238,240,flatNominal,R-1C7,ApogeeBoss,-1.0,6.0,-145.6,-19.399,0,0,-1,0,1,0,0,0,0,1
239,241,flatNominal,R-1C8,Boss,-1.0,7.0,-123.2,-19.399,0,0,-1,0,1,0,0,0,0,1
240,242,flatNominal,R-1C9,ApogeeBoss,-1.0,8.0,-100.8,-19.399,0,0,-1,0,1,0,0,0,0,1
241,243,flatNominal,R-1C10,Boss,-1.0,9.0,-78.4,-19.399,0,0,-1,0,1,0,0,0,0,1
242,244,flatNominal,R-1C11,ApogeeBoss,-1.0,10.0,-56.0,-19.399,0,0,-1,0,1,0,0,0,0,1
243,245,flatNominal,R-1C12,Boss,-1.0,11.0,-33.6,-19.399,0,0,-1,0,1,0,0,0,0,1
244,246,flatNominal,R-1C13,ApogeeBoss,-1.0,12.0,-11.2,-19.399,0,0,-1,0,1,0,0,0,0,1
245,247,flatNominal,R-1C14,ApogeeBoss,-1.0,13.0,11.2,-19.399,0,0,-1,0,1,0,0,0,0,1
246,248,flatNominal,R-1C15,Boss,-1.0,14.0,33.6,-19.399,0,0,-1,0,1,0,0,0,0,1
247,249,flatNominal,R-1C16,ApogeeBoss,-1.0,15.0,56.0,-19.399,0,0,-1,0,1,0,0,0,0,1
248,250,flatNominal,R-1C17,Boss,-1.0,16.0,78.4,-19.399,0,0,-1,0,1,0,0,0,0,1
249,251,flatNominal,R-1C18,ApogeeBoss,-1.0,17.0,100.8,-19.399,0,0,-1,0,1,0,0,0,0,1
250,252,flatNominal,R-1C19,Boss,-1.0,18.0,123.2,-19.399,0,0,-1,0,1,0,0,0,0,1
251,253,flatNominal,R-1C20,ApogeeBoss,-1.0,19.0,145.6,-19.399,0,0,-1,0,1,0,0,0,0,1
252,254,flatNominal,R-1C21,Boss,-1.0,20.0,168.0,-19.399,0,0,-1,0,1,0,0,0,0,1
253,255,flatNominal,R-1C22,ApogeeBoss,-1.0,21.0,190.4,-19.399,0,0,-1,0,1,0,0,0,0,1
254,256,flatNominal,R-1C23,Boss,-1.0,22.0,212.8,-19.399,0,0,-1,0,1,0,0,0,0,1
255,257,flatNominal,R-1C24,ApogeeBoss,-1.0,23.0,235.2,-19.399,0,0,-1,0,1,0,0,0,0,1
256,258,flatNominal,R-1C25,Boss,-1.0,24.0,257.6,-19.399,0,0,-1,0,1,0,0,0,0,1
257,259,flatNominal,R-1C26,ApogeeBoss,-1.0,25.0,280.0,-19.399,0,0,-1,0,1,0,0,0,0,1
258,260,flatNominal,R0C1,Boss,0.0,0.0,-291.2,0.0,0,0,-1,0,1,0,0,0,0,1
259,261,flatNominal,R0C2,ApogeeBoss,0.0,1.0,-268.8,0.0,0,0,-1,0,1,0,0,0,0,1
260,262,flatNominal,R0C3,ApogeeBoss,0.0,2.0,-246.4,0.0,0,0,-1,0,1,0,0,0,0,1
261,263,flatNominal,R0C4,Fiducial,0.0,3.0,-224.0,0.0,0,0,-1,0,1,0,0,0,0,1
262,264,flatNominal,R0C5,ApogeeBoss,0.0,4.0,-201.6,0.0,0,0,-1,0,1,0,0,0,0,1
263,265,flatNominal,R0C6,Boss,0.0,5.0,-179.2,0.0,0,0,-1,0,1,0,0,0,0,1
264,266,flatNominal,R0C7,ApogeeBoss,0.0,6.0,-156.8,0.0,0,0,-1,0,1,0,0,0,0,1
265,267,flatNominal,R0C8,Fiducial,0.0,7.0,-134.4,0.0,0,0,-1,0,1,0,0,0,0,1
266,268,flatNominal,R0C9,ApogeeBoss,0.0,8.0,-112.0,0.0,0,0,-1,0,1,0,0,0,0,1
267,269,flatNominal,R0C10,Boss,0.0,9.0,-89.6,0.0,0,0,-1,0,1,0,0,0,0,1
268,270,flatNominal,R0C11,ApogeeBoss,0.0,10.0,-67.2,0.0,0,0,-1,0,1,0,0,0,0,1
269,271,flatNominal,R0C12,Fiducial,0.0,11.0,-44.8,0.0,0,0,-1,0,1,0,0,0,0,1
270,272,flatNominal,R0C13,ApogeeBoss,0.0,12.0,-22.4,0.0,0,0,-1,0,1,0,0,0,0,1
271,274,flatNominal,R0C15,ApogeeBoss,0.0,14.0,22.4,0.0,0,0,-1,0,1,0,0,0,0,1
272,275,flatNominal,R0C16,Fiducial,0.0,15.0,44.8,0.0,0,0,-1,0,1,0,0,0,0,1
273,276,flatNominal,R0C17,ApogeeBoss,0.0,16.0,67.2,0.0,0,0,-1,0,1,0,0,0,0,1
274,277,flatNominal,R0C18,Boss,0.0,17.0,89.6,0.0,0,0,-1,0,1,0,0,0,0,1
275,278,flatNominal,R0C19,ApogeeBoss,0.0,18.0,112.0,0.0,0,0,-1,0,1,0,0,0,0,1
276,279,flatNominal,R0C20,Fiducial,0.0,19.0,134.4,0.0,0,0,-1,0,1,0,0,0,0,1
277,280,flatNominal,R0C21,ApogeeBoss,0.0,20.0,156.8,0.0,0,0,-1,0,1,0,0,0,0,1
278,281,flatNominal,R0C22,Boss,0.0,21.0,179.2,0.0,0,0,-1,0,1,0,0,0,0,1
279,282,flatNominal,R0C23,ApogeeBoss,0.0,22.0,201.6,0.0,0,0,-1,0,1,0,0,0,0,1
280,283,flatNominal,R0C24,Fiducial,0.0,23.0,224.0,0.0,0,0,-1,0,1,0,0,0,0,1
281,284,flatNominal,R0C25,ApogeeBoss,0.0,24.0,246.4,0.0,0,0,-1,0,1,0,0,0,0,1
282,285,flatNominal,R0C26,ApogeeBoss,0.0,25.0,268.8,0.0,0,0,-1,0,1,0,0,0,0,1
283,286,flatNominal,R0C27,Boss,0.0,26.0,291.2,0.0,0,0,-1,0,1,0,0,0,0,1
284,287,flatNominal,R+13C1,ApogeeBoss,13.0,0.0,-145.6,252.1866,0,0,-1,0,1,0,0,0,0,1
285,288,flatNominal,R+13C2,ApogeeBoss,13.0,1.0,-123.2,252.1866,0,0,-1,0,1,0,0,0,0,1
286,289,flatNominal,R+13C3,ApogeeBoss,13.0,2.0,-100.8,252.1866,0,0,-1,0,1,0,0,0,0,1
287,290,flatNominal,R+13C4,ApogeeBoss,13.0,3.0,-78.4,252.1866,0,0,-1,0,1,0,0,0,0,1
288,291,flatNominal,R+13C5,ApogeeBoss,13.0,4.0,-56.0,252.1866,0,0,-1,0,1,0,0,0,0,1
289,292,flatNominal,R+13C6,ApogeeBoss,13.0,5.0,-33.6,252.1866,0,0,-1,0,1,0,0,0,0,1
290,293,flatNominal,R+13C7,ApogeeBoss,13.0,6.0,-11.2,252.1866,0,0,-1,0,1,0,0,0,0,1
291,294,flatNominal,R+13C8,ApogeeBoss,13.0,7.0,11.2,252.1866,0,0,-1,0,1,0,0,0,0,1
292,295,flatNominal,R+13C9,ApogeeBoss,13.0,8.0,33.6,252.1866,0,0,-1,0,1,0,0,0,0,1
293,296,flatNominal,R+13C10,ApogeeBoss,13.0,9.0,56.0,252.1866,0,0,-1,0,1,0,0,0,0,1
294,297,flatNominal,R+13C11,ApogeeBoss,13.0,10.0,78.4,252.1866,0,0,-1,0,1,0,0,0,0,1
295,298,flatNominal,R+13C12,ApogeeBoss,13.0,11.0,100.8,252.1866,0,0,-1,0,1,0,0,0,0,1
296,299,flatNominal,R+13C13,ApogeeBoss,13.0,12.0,123.2,252.1866,0,0,-1,0,1,0,0,0,0,1
297,300,flatNominal,R+13C14,ApogeeBoss,13.0,13.0,145.6,252.1866,0,0,-1,0,1,0,0,0,0,1
298,301,flatNominal,R+12C1,ApogeeBoss,12.0,0.0,-156.8,232.7876,0,0,-1,0,1,0,0,0,0,1
299,302,flatNominal,R+12C2,ApogeeBoss,12.0,1.0,-134.4,232.7876,0,0,-1,0,1,0,0,0,0,1
300,303,flatNominal,R+12C3,Boss,12.0,2.0,-112.0,232.7876,0,0,-1,0,1,0,0,0,0,1
301,304,flatNominal,R+12C4,Boss,12.0,3.0,-89.6,232.7876,0,0,-1,0,1,0,0,0,0,1
302,305,flatNominal,R+12C5,Boss,12.0,4.0,-67.2,232.7876,0,0,-1,0,1,0,0,0,0,1
303,306,flatNominal,R+12C6,Boss,12.0,5.0,-44.8,232.7876,0,0,-1,0,1,0,0,0,0,1
304,307,flatNominal,R+12C7,Boss,12.0,6.0,-22.4,232.7876,0,0,-1,0,1,0,0,0,0,1
305,308,flatNominal,R+12C8,Fiducial,12.0,7.0,0.0,232.7876,0,0,-1,0,1,0,0,0,0,1
306,309,flatNominal,R+12C9,Boss,12.0,8.0,22.4,232.7876,0,0,-1,0,1,0,0,0,0,1
307,310,flatNominal,R+12C10,Boss,12.0,9.0,44.8,232.7876,0,0,-1,0,1,0,0,0,0,1
308,311,flatNominal,R+12C11,Boss,12.0,10.0,67.2,232.7876,0,0,-1,0,1,0,0,0,0,1
309,312,flatNominal,R+12C12,Boss,12.0,11.0,89.6,232.7876,0,0,-1,0,1,0,0,0,0,1
310,313,flatNominal,R+12C13,Boss,12.0,12.0,112.0,232.7876,0,0,-1,0,1,0,0,0,0,1
311,314,flatNominal,R+12C14,ApogeeBoss,12.0,13.0,134.4,232.7876,0,0,-1,0,1,0,0,0,0,1
312,315,flatNominal,R+12C15,ApogeeBoss,12.0,14.0,156.8,232.7876,0,0,-1,0,1,0,0,0,0,1
313,316,flatNominal,R+11C1,ApogeeBoss,11.0,0.0,-168.0,213.3887,0,0,-1,0,1,0,0,0,0,1
314,317,flatNominal,R+11C2,Boss,11.0,1.0,-145.6,213.3887,0,0,-1,0,1,0,0,0,0,1
315,318,flatNominal,R+11C3,ApogeeBoss,11.0,2.0,-123.2,213.3887,0,0,-1,0,1,0,0,0,0,1
316,319,flatNominal,R+11C4,ApogeeBoss,11.0,3.0,-100.8,213.3887,0,0,-1,0,1,0,0,0,0,1
317,320,flatNominal,R+11C5,ApogeeBoss,11.0,4.0,-78.4,213.3887,0,0,-1,0,1,0,0,0,0,1
318,321,flatNominal,R+11C6,ApogeeBoss,11.0,5.0,-56.0,213.3887,0,0,-1,0,1,0,0,0,0,1
319,322,flatNominal,R+11C7,ApogeeBoss,11.0,6.0,-33.6,213.3887,0,0,-1,0,1,0,0,0,0,1
320,323,flatNominal,R+11C8,ApogeeBoss,11.0,7.0,-11.2,213.3887,0,0,-1,0,1,0,0,0,0,1
321,324,flatNominal,R+11C9,ApogeeBoss,11.0,8.0,11.2,213.3887,0,0,-1,0,1,0,0,0,0,1
322,325,flatNominal,R+11C10,ApogeeBoss,11.0,9.0,33.6,213.3887,0,0,-1,0,1,0,0,0,0,1
323,326,flatNominal,R+11C11,ApogeeBoss,11.0,10.0,56.0,213.3887,0,0,-1,0,1,0,0,0,0,1
324,327,flatNominal,R+11C12,ApogeeBoss,11.0,11.0,78.4,213.3887,0,0,-1,0,1,0,0,0,0,1
325,328,flatNominal,R+11C13,ApogeeBoss,11.0,12.0,100.8,213.3887,0,0,-1,0,1,0,0,0,0,1
326,329,flatNominal,R+11C14,ApogeeBoss,11.0,13.0,123.2,213.3887,0,0,-1,0,1,0,0,0,0,1
327,330,flatNominal,R+11C15,Boss,11.0,14.0,145.6,213.3887,0,0,-1,0,1,0,0,0,0,1
328,331,flatNominal,R+11C16,ApogeeBoss,11.0,15.0,168.0,213.3887,0,0,-1,0,1,0,0,0,0,1
329,332,flatNominal,R+10C1,ApogeeBoss,10.0,0.0,-179.2,193.9897,0,0,-1,0,1,0,0,0,0,1
330,333,flatNominal,R+10C2,Boss,10.0,1.0,-156.8,193.9897,0,0,-1,0,1,0,0,0,0,1
331,334,flatNominal,R+10C3,ApogeeBoss,10.0,2.0,-134.4,193.9897,0,0,-1,0,1,0,0,0,0,1
332,335,flatNominal,R+10C4,Fiducial,10.0,3.0,-112.0,193.9897,0,0,-1,0,1,0,0,0,0,1
333,336,flatNominal,R+10C5,Boss,10.0,4.0,-89.6,193.9897,0,0,-1,0,1,0,0,0,0,1
334,337,flatNominal,R+10C6,Boss,10.0,5.0,-67.2,193.9897,0,0,-1,0,1,0,0,0,0,1
335,338,flatNominal,R+10C7,Fiducial,10.0,6.0,-44.8,193.9897,0,0,-1,0,1,0,0,0,0,1
336,339,flatNominal,R+10C8,Boss,10.0,7.0,-22.4,193.9897,0,0,-1,0,1,0,0,0,0,1
337,340,flatNominal,R+10C9,Boss,10.0,8.0,0.0,193.9897,0,0,-1,0,1,0,0,0,0,1
338,341,flatNominal,R+10C10,Boss,10.0,9.0,22.4,193.9897,0,0,-1,0,1,0,0,0,0,1
339,342,flatNominal,R+10C11,Fiducial,10.0,10.0,44.8,193.9897,0,0,-1,0,1,0,0,0,0,1
340,343,flatNominal,R+10C12,Boss,10.0,11.0,67.2,193.9897,0,0,-1,0,1,0,0,0,0,1
341,344,flatNominal,R+10C13,Boss,10.0,12.0,89.6,193.9897,0,0,-1,0,1,0,0,0,0,1
342,345,flatNominal,R+10C14,Fiducial,10.0,13.0,112.0,193.9897,0,0,-1,0,1,0,0,0,0,1
343,346,flatNominal,R+10C15,ApogeeBoss,10.0,14.0,134.4,193.9897,0,0,-1,0,1,0,0,0,0,1
344,347,flatNominal,R+10C16,Boss,10.0,15.0,156.8,193.9897,0,0,-1,0,1,0,0,0,0,1
345,348,flatNominal,R+10C17,ApogeeBoss,10.0,16.0,179.2,193.9897,0,0,-1,0,1,0,0,0,0,1
346,349,flatNominal,R+9C1,ApogeeBoss,9.0,0.0,-190.4,174.5907,0,0,-1,0,1,0,0,0,0,1
347,350,flatNominal,R+9C2,Boss,9.0,1.0,-168.0,174.5907,0,0,-1,0,1,0,0,0,0,1
348,351,flatNominal,R+9C3,ApogeeBoss,9.0,2.0,-145.6,174.5907,0,0,-1,0,1,0,0,0,0,1
349,352,flatNominal,R+9C4,Boss,9.0,3.0,-123.2,174.5907,0,0,-1,0,1,0,0,0,0,1
350,353,flatNominal,R+9C5,ApogeeBoss,9.0,4.0,-100.8,174.5907,0,0,-1,0,1,0,0,0,0,1
351,354,flatNominal,R+9C6,ApogeeBoss,9.0,5.0,-78.4,174.5907,0,0,-1,0,1,0,0,0,0,1
352,355,flatNominal,R+9C7,ApogeeBoss,9.0,6.0,-56.0,174.5907,0,0,-1,0,1,0,0,0,0,1
353,356,flatNominal,R+9C8,ApogeeBoss,9.0,7.0,-33.6,174.5907,0,0,-1,0,1,0,0,0,0,1
354,357,flatNominal,R+9C9,ApogeeBoss,9.0,8.0,-11.2,174.5907,0,0,-1,0,1,0,0,0,0,1
355,358,flatNominal,R+9C10,ApogeeBoss,9.0,9.0,11.2,174.5907,0,0,-1,0,1,0,0,0,0,1
356,359,flatNominal,R+9C11,ApogeeBoss,9.0,10.0,33.6,174.5907,0,0,-1,0,1,0,0,0,0,1
357,360,flatNominal,R+9C12,ApogeeBoss,9.0,11.0,56.0,174.5907,0,0,-1,0,1,0,0,0,0,1
358,361,flatNominal,R+9C13,ApogeeBoss,9.0,12.0,78.4,174.5907,0,0,-1,0,1,0,0,0,0,1
359,362,flatNominal,R+9C14,ApogeeBoss,9.0,13.0,100.8,174.5907,0,0,-1,0,1,0,0,0,0,1
360,363,flatNominal,R+9C15,Boss,9.0,14.0,123.2,174.5907,0,0,-1,0,1,0,0,0,0,1
361,364,flatNominal,R+9C16,ApogeeBoss,9.0,15.0,145.6,174.5907,0,0,-1,0,1,0,0,0,0,1
362,365,flatNominal,R+9C17,Boss,9.0,16.0,168.0,174.5907,0,0,-1,0,1,0,0,0,0,1
363,366,flatNominal,R+9C18,ApogeeBoss,9.0,17.0,190.4,174.5907,0,0,-1,0,1,0,0,0,0,1
364,367,flatNominal,R+8C1,ApogeeBoss,8.0,0.0,-201.6,155.1918,0,0,-1,0,1,0,0,0,0,1
365,368,flatNominal,R+8C2,Boss,8.0,1.0,-179.2,155.1918,0,0,-1,0,1,0,0,0,0,1
366,369,flatNominal,R+8C3,ApogeeBoss,8.0,2.0,-156.8,155.1918,0,0,-1,0,1,0,0,0,0,1
367,370,flatNominal,R+8C4,Boss,8.0,3.0,-134.4,155.1918,0,0,-1,0,1,0,0,0,0,1
368,371,flatNominal,R+8C5,ApogeeBoss,8.0,4.0,-112.0,155.1918,0,0,-1,0,1,0,0,0,0,1
369,372,flatNominal,R+8C6,Boss,8.0,5.0,-89.6,155.1918,0,0,-1,0,1,0,0,0,0,1
370,373,flatNominal,R+8C7,Boss,8.0,6.0,-67.2,155.1918,0,0,-1,0,1,0,0,0,0,1
371,374,flatNominal,R+8C8,Boss,8.0,7.0,-44.8,155.1918,0,0,-1,0,1,0,0,0,0,1
372,375,flatNominal,R+8C9,Boss,8.0,8.0,-22.4,155.1918,0,0,-1,0,1,0,0,0,0,1
373,376,flatNominal,R+8C10,Fiducial,8.0,9.0,0.0,155.1918,0,0,-1,0,1,0,0,0,0,1
374,377,flatNominal,R+8C11,Boss,8.0,10.0,22.4,155.1918,0,0,-1,0,1,0,0,0,0,1
375,378,flatNominal,R+8C12,Boss,8.0,11.0,44.8,155.1918,0,0,-1,0,1,0,0,0,0,1
376,379,flatNominal,R+8C13,Boss,8.0,12.0,67.2,155.1918,0,0,-1,0,1,0,0,0,0,1
377,380,flatNominal,R+8C14,Boss,8.0,13.0,89.6,155.1918,0,0,-1,0,1,0,0,0,0,1
378,381,flatNominal,R+8C15,ApogeeBoss,8.0,14.0,112.0,155.1918,0,0,-1,0,1,0,0,0,0,1
379,382,flatNominal,R+8C16,Boss,8.0,15.0,134.4,155.1918,0,0,-1,0,1,0,0,0,0,1
380,383,flatNominal,R+8C17,ApogeeBoss,8.0,16.0,156.8,155.1918,0,0,-1,0,1,0,0,0,0,1
381,384,flatNominal,R+8C18,Boss,8.0,17.0,179.2,155.1918,0,0,-1,0,1,0,0,0,0,1
382,385,flatNominal,R+8C19,ApogeeBoss,8.0,18.0,201.6,155.1918,0,0,-1,0,1,0,0,0,0,1
383,386,flatNominal,R+7C1,ApogeeBoss,7.0,0.0,-212.8,135.7928,0,0,-1,0,1,0,0,0,0,1
384,387,flatNominal,R+7C2,Boss,7.0,1.0,-190.4,135.7928,0,0,-1,0,1,0,0,0,0,1
385,388,flatNominal,R+7C3,ApogeeBoss,7.0,2.0,-168.0,135.7928,0,0,-1,0,1,0,0,0,0,1
386,389,flatNominal,R+7C4,Fiducial,7.0,3.0,-145.6,135.7928,0,0,-1,0,1,0,0,0,0,1
387,390,flatNominal,R+7C5,ApogeeBoss,7.0,4.0,-123.2,135.7928,0,0,-1,0,1,0,0,0,0,1
388,391,flatNominal,R+7C6,Boss,7.0,5.0,-100.8,135.7928,0,0,-1,0,1,0,0,0,0,1
389,392,flatNominal,R+7C7,ApogeeBoss,7.0,6.0,-78.4,135.7928,0,0,-1,0,1,0,0,0,0,1
390,393,flatNominal,R+7C8,ApogeeBoss,7.0,7.0,-56.0,135.7928,0,0,-1,0,1,0,0,0,0,1
391,394,flatNominal,R+7C9,ApogeeBoss,7.0,8.0,-33.6,135.7928,0,0,-1,0,1,0,0,0,0,1
392,395,flatNominal,R+7C10,ApogeeBoss,7.0,9.0,-11.2,135.7928,0,0,-1,0,1,0,0,0,0,1
393,396,flatNominal,R+7C11,ApogeeBoss,7.0,10.0,11.2,135.7928,0,0,-1,0,1,0,0,0,0,1
394,397,flatNominal,R+7C12,ApogeeBoss,7.0,11.0,33.6,135.7928,0,0,-1,0,1,0,0,0,0,1
395,398,flatNominal,R+7C13,ApogeeBoss,7.0,12.0,56.0,135.7928,0,0,-1,0,1,0,0,0,0,1
396,399,flatNominal,R+7C14,ApogeeBoss,7.0,13.0,78.4,135.7928,0,0,-1,0,1,0,0,0,0,1
397,400,flatNominal,R+7C15,Boss,7.0,14.0,100.8,135.7928,0,0,-1,0,1,0,0,0,0,1
398,401,flatNominal,R+7C16,ApogeeBoss,7.0,15.0,123.2,135.7928,0,0,-1,0,1,0,0,0,0,1
399,402,flatNominal,R+7C17,Fiducial,7.0,16.0,145.6,135.7928,0,0,-1,0,1,0,0,0,0,1
400,403,flatNominal,R+7C18,ApogeeBoss,7.0,17.0,168.0,135.7928,0,0,-1,0,1,0,0,0,0,1
401,404,flatNominal,R+7C19,Boss,7.0,18.0,190.4,135.7928,0,0,-1,0,1,0,0,0,0,1
402,405,flatNominal,R+7C20,ApogeeBoss,7.0,19.0,212.8,135.7928,0,0,-1,0,1,0,0,0,0,1
403,406,flatNominal,R+6C1,ApogeeBoss,6.0,0.0,-224.0,116.3938,0,0,-1,0,1,0,0,0,0,1
404,407,flatNominal,R+6C2,Fiducial,6.0,1.0,-201.6,116.3938,0,0,-1,0,1,0,0,0,0,1
405,408,flatNominal,R+6C3,ApogeeBoss,6.0,2.0,-179.2,116.3938,0,0,-1,0,1,0,0,0,0,1
406,409,flatNominal,R+6C4,Boss,6.0,3.0,-156.8,116.3938,0,0,-1,0,1,0,0,0,0,1
407,410,flatNominal,R+6C5,ApogeeBoss,6.0,4.0,-134.4,116.3938,0,0,-1,0,1,0,0,0,0,1
408,411,flatNominal,R+6C6,Boss,6.0,5.0,-112.0,116.3938,0,0,-1,0,1,0,0,0,0,1
409,412,flatNominal,R+6C7,ApogeeBoss,6.0,6.0,-89.6,116.3938,0,0,-1,0,1,0,0,0,0,1
410,413,flatNominal,R+6C8,Fiducial,6.0,7.0,-67.2,116.3938,0,0,-1,0,1,0,0,0,0,1
411,414,flatNominal,R+6C9,Boss,6.0,8.0,-44.8,116.3938,0,0,-1,0,1,0,0,0,0,1
412,415,flatNominal,R+6C10,Boss,6.0,9.0,-22.4,116.3938,0,0,-1,0,1,0,0,0,0,1
413,416,flatNominal,R+6C11,Boss,6.0,10.0,0.0,116.3938,0,0,-1,0,1,0,0,0,0,1
414,417,flatNominal,R+6C12,Boss,6.0,11.0,22.4,116.3938,0,0,-1,0,1,0,0,0,0,1
415,418,flatNominal,R+6C13,Boss,6.0,12.0,44.8,116.3938,0,0,-1,0,1,0,0,0,0,1
416,419,flatNominal,R+6C14,Fiducial,6.0,13.0,67.2,116.3938,0,0,-1,0,1,0,0,0,0,1
417,420,flatNominal,R+6C15,ApogeeBoss,6.0,14.0,89.6,116.3938,0,0,-1,0,1,0,0,0,0,1
418,421,flatNominal,R+6C16,Boss,6.0,15.0,112.0,116.3938,0,0,-1,0,1,0,0,0,0,1
419,422,flatNominal,R+6C17,ApogeeBoss,6.0,16.0,134.4,116.3938,0,0,-1,0,1,0,0,0,0,1
420,423,flatNominal,R+6C18,Boss,6.0,17.0,156.8,116.3938,0,0,-1,0,1,0,0,0,0,1
421,424,flatNominal,R+6C19,ApogeeBoss,6.0,18.0,179.2,116.3938,0,0,-1,0,1,0,0,0,0,1
422,425,flatNominal,R+6C20,Fiducial,6.0,19.0,201.6,116.3938,0,0,-1,0,1,0,0,0,0,1
423,426,flatNominal,R+6C21,ApogeeBoss,6.0,20.0,224.0,116.3938,0,0,-1,0,1,0,0,0,0,1
424,427,flatNominal,R+5C1,ApogeeBoss,5.0,0.0,-235.2,96.9948,0,0,-1,0,1,0,0,0,0,1
425,428,flatNominal,R+5C2,Boss,5.0,1.0,-212.8,96.9948,0,0,-1,0,1,0,0,0,0,1
426,429,flatNominal,R+5C3,ApogeeBoss,5.0,2.0,-190.4,96.9948,0,0,-1,0,1,0,0,0,0,1
427,430,flatNominal,R+5C4,Boss,5.0,3.0,-168.0,96.9948,0,0,-1,0,1,0,0,0,0,1
428,431,flatNominal,R+5C5,ApogeeBoss,5.0,4.0,-145.6,96.9948,0,0,-1,0,1,0,0,0,0,1
429,432,flatNominal,R+5C6,Boss,5.0,5.0,-123.2,96.9948,0,0,-1,0,1,0,0,0,0,1
430,433,flatNominal,R+5C7,ApogeeBoss,5.0,6.0,-100.8,96.9948,0,0,-1,0,1,0,0,0,0,1
431,434,flatNominal,R+5C8,Boss,5.0,7.0,-78.4,96.9948,0,0,-1,0,1,0,0,0,0,1
432,435,flatNominal,R+5C9,ApogeeBoss,5.0,8.0,-56.0,96.9948,0,0,-1,0,1,0,0,0,0,1
433,436,flatNominal,R+5C10,ApogeeBoss,5.0,9.0,-33.6,96.9948,0,0,-1,0,1,0,0,0,0,1
434,437,flatNominal,R+5C11,ApogeeBoss,5.0,10.0,-11.2,96.9948,0,0,-1,0,1,0,0,0,0,1
435,438,flatNominal,R+5C12,ApogeeBoss,5.0,11.0,11.2,96.9948,0,0,-1,0,1,0,0,0,0,1
436,439,flatNominal,R+5C13,ApogeeBoss,5.0,12.0,33.6,96.9948,0,0,-1,0,1,0,0,0,0,1
437,440,flatNominal,R+5C14,ApogeeBoss,5.0,13.0,56.0,96.9948,0,0,-1,0,1,0,0,0,0,1
438,441,flatNominal,R+5C15,Boss,5.0,14.0,78.4,96.9948,0,0,-1,0,1,0,0,0,0,1
439,442,flatNominal,R+5C16,ApogeeBoss,5.0,15.0,100.8,96.9948,0,0,-1,0,1,0,0,0,0,1
440,443,flatNominal,R+5C17,Boss,5.0,16.0,123.2,96.9948,0,0,-1,0,1,0,0,0,0,1
441,444,flatNominal,R+5C18,ApogeeBoss,5.0,17.0,145.6,96.9948,0,0,-1,0,1,0,0,0,0,1
442,445,flatNominal,R+5C19,Boss,5.0,18.0,168.0,96.9948,0,0,-1,0,1,0,0,0,0,1
443,446,flatNominal,R+5C20,ApogeeBoss,5.0,19.0,190.4,96.9948,0,0,-1,0,1,0,0,0,0,1
444,447,flatNominal,R+5C21,Boss,5.0,20.0,212.8,96.9948,0,0,-1,0,1,0,0,0,0,1
445,448,flatNominal,R+5C22,ApogeeBoss,5.0,21.0,235.2,96.9948,0,0,-1,0,1,0,0,0,0,1
446,449,flatNominal,R+4C1,ApogeeBoss,4.0,0.0,-246.4,77.5959,0,0,-1,0,1,0,0,0,0,1
447,450,flatNominal,R+4C2,Boss,4.0,1.0,-224.0,77.5959,0,0,-1,0,1,0,0,0,0,1
448,451,flatNominal,R+4C3,ApogeeBoss,4.0,2.0,-201.6,77.5959,0,0,-1,0,1,0,0,0,0,1
449,452,flatNominal,R+4C4,Boss,4.0,3.0,-179.2,77.5959,0,0,-1,0,1,0,0,0,0,1
450,453,flatNominal,R+4C5,ApogeeBoss,4.0,4.0,-156.8,77.5959,0,0,-1,0,1,0,0,0,0,1
451,454,flatNominal,R+4C6,Fiducial,4.0,5.0,-134.4,77.5959,0,0,-1,0,1,0,0,0,0,1
452,455,flatNominal,R+4C7,ApogeeBoss,4.0,6.0,-112.0,77.5959,0,0,-1,0,1,0,0,0,0,1
453,456,flatNominal,R+4C8,Boss,4.0,7.0,-89.6,77.5959,0,0,-1,0,1,0,0,0,0,1
454,457,flatNominal,R+4C9,ApogeeBoss,4.0,8.0,-67.2,77.5959,0,0,-1,0,1,0,0,0,0,1
455,458,flatNominal,R+4C10,Boss,4.0,9.0,-44.8,77.5959,0,0,-1,0,1,0,0,0,0,1
456,459,flatNominal,R+4C11,Boss,4.0,10.0,-22.4,77.5959,0,0,-1,0,1,0,0,0,0,1
457,460,flatNominal,R+4C12,Boss,4.0,11.0,0.0,77.5959,0,0,-1,0,1,0,0,0,0,1
458,461,flatNominal,R+4C13,Boss,4.0,12.0,22.4,77.5959,0,0,-1,0,1,0,0,0,0,1
459,462,flatNominal,R+4C14,Boss,4.0,13.0,44.8,77.5959,0,0,-1,0,1,0,0,0,0,1
460,463,flatNominal,R+4C15,ApogeeBoss,4.0,14.0,67.2,77.5959,0,0,-1,0,1,0,0,0,0,1
461,464,flatNominal,R+4C16,Boss,4.0,15.0,89.6,77.5959,0,0,-1,0,1,0,0,0,0,1
462,465,flatNominal,R+4C17,ApogeeBoss,4.0,16.0,112.0,77.5959,0,0,-1,0,1,0,0,0,0,1
463,466,flatNominal,R+4C18,Fiducial,4.0,17.0,134.4,77.5959,0,0,-1,0,1,0,0,0,0,1
464,467,flatNominal,R+4C19,ApogeeBoss,4.0,18.0,156.8,77.5959,0,0,-1,0,1,0,0,0,0,1
465,468,flatNominal,R+4C20,Boss,4.0,19.0,179.2,77.5959,0,0,-1,0,1,0,0,0,0,1
466,469,flatNominal,R+4C21,ApogeeBoss,4.0,20.0,201.6,77.5959,0,0,-1,0,1,0,0,0,0,1
467,470,flatNominal,R+4C22,Boss,4.0,21.0,224.0,77.5959,0,0,-1,0,1,0,0,0,0,1
468,471,flatNominal,R+4C23,ApogeeBoss,4.0,22.0,246.4,77.5959,0,0,-1,0,1,0,0,0,0,1
469,472,flatNominal,R+3C1,ApogeeBoss,3.0,0.0,-257.6,58.1969,0,0,-1,0,1,0,0,0,0,1
470,473,flatNominal,R+3C2,Boss,3.0,1.0,-235.2,58.1969,0,0,-1,0,1,0,0,0,0,1
471,474,flatNominal,R+3C3,ApogeeBoss,3.0,2.0,-212.8,58.1969,0,0,-1,0,1,0,0,0,0,1
472,475,flatNominal,R+3C4,Fiducial,3.0,3.0,-190.4,58.1969,0,0,-1,0,1,0,0,0,0,1
473,476,flatNominal,R+3C5,ApogeeBoss,3.0,4.0,-168.0,58.1969,0,0,-1,0,1,0,0,0,0,1
474,477,flatNominal,R+3C6,Boss,3.0,5.0,-145.6,58.1969,0,0,-1,0,1,0,0,0,0,1
475,478,flatNominal,R+3C7,ApogeeBoss,3.0,6.0,-123.2,58.1969,0,0,-1,0,1,0,0,0,0,1
476,479,flatNominal,R+3C8,Boss,3.0,7.0,-100.8,58.1969,0,0,-1,0,1,0,0,0,0,1
477,480,flatNominal,R+3C9,ApogeeBoss,3.0,8.0,-78.4,58.1969,0,0,-1,0,1,0,0,0,0,1
478,481,flatNominal,R+3C10,Boss,3.0,9.0,-56.0,58.1969,0,0,-1,0,1,0,0,0,0,1
479,482,flatNominal,R+3C11,ApogeeBoss,3.0,10.0,-33.6,58.1969,0,0,-1,0,1,0,0,0,0,1
480,483,flatNominal,R+3C12,ApogeeBoss,3.0,11.0,-11.2,58.1969,0,0,-1,0,1,0,0,0,0,1
481,484,flatNominal,R+3C13,ApogeeBoss,3.0,12.0,11.2,58.1969,0,0,-1,0,1,0,0,0,0,1
482,485,flatNominal,R+3C14,ApogeeBoss,3.0,13.0,33.6,58.1969,0,0,-1,0,1,0,0,0,0,1
483,486,flatNominal,R+3C15,Boss,3.0,14.0,56.0,58.1969,0,0,-1,0,1,0,0,0,0,1
484,487,flatNominal,R+3C16,ApogeeBoss,3.0,15.0,78.4,58.1969,0,0,-1,0,1,0,0,0,0,1
485,488,flatNominal,R+3C17,Boss,3.0,16.0,100.8,58.1969,0,0,-1,0,1,0,0,0,0,1
486,489,flatNominal,R+3C18,ApogeeBoss,3.0,17.0,123.2,58.1969,0,0,-1,0,1,0,0,0,0,1
487,490,flatNominal,R+3C19,Boss,3.0,18.0,145.6,58.1969,0,0,-1,0,1,0,0,0,0,1
488,491,flatNominal,R+3C20,ApogeeBoss,3.0,19.0,168.0,58.1969,0,0,-1,0,1,0,0,0,0,1
489,492,flatNominal,R+3C21,Fiducial,3.0,20.0,190.4,58.1969,0,0,-1,0,1,0,0,0,0,1
490,493,flatNominal,R+3C22,ApogeeBoss,3.0,21.0,212.8,58.1969,0,0,-1,0,1,0,0,0,0,1
491,494,flatNominal,R+3C23,Boss,3.0,22.0,235.2,58.1969,0,0,-1,0,1,0,0,0,0,1
492,495,flatNominal,R+3C24,ApogeeBoss,3.0,23.0,257.6,58.1969,0,0,-1,0,1,0,0,0,0,1
493,496,flatNominal,R+2C1,ApogeeBoss,2.0,0.0,-268.8,38.7979,0,0,-1,0,1,0,0,0,0,1
494,497,flatNominal,R+2C2,Boss,2.0,1.0,-246.4,38.7979,0,0,-1,0,1,0,0,0,0,1
495,498,flatNominal,R+2C3,ApogeeBoss,2.0,2.0,-224.0,38.7979,0,0,-1,0,1,0,0,0,0,1
496,499,flatNominal,R+2C4,Boss,2.0,3.0,-201.6,38.7979,0,0,-1,0,1,0,0,0,0,1
497,500,flatNominal,R+2C5,ApogeeBoss,2.0,4.0,-179.2,38.7979,0,0,-1,0,1,0,0,0,0,1
498,501,flatNominal,R+2C6,Boss,2.0,5.0,-156.8,38.7979,0,0,-1,0,1,0,0,0,0,1
499,502,flatNominal,R+2C7,ApogeeBoss,2.0,6.0,-134.4,38.7979,0,0,-1,0,1,0,0,0,0,1
500,503,flatNominal,R+2C8,Boss,2.0,7.0,-112.0,38.7979,0,0,-1,0,1,0,0,0,0,1
501,504,flatNominal,R+2C9,ApogeeBoss,2.0,8.0,-89.6,38.7979,0,0,-1,0,1,0,0,0,0,1
502,506,flatNominal,R+2C11,ApogeeBoss,2.0,10.0,-44.8,38.7979,0,0,-1,0,1,0,0,0,0,1
503,507,flatNominal,R+2C12,Fiducial,2.0,11.0,-22.4,38.7979,0,0,-1,0,1,0,0,0,0,1
504,508,flatNominal,R+2C13,Boss,2.0,12.0,0.0,38.7979,0,0,-1,0,1,0,0,0,0,1
505,509,flatNominal,R+2C14,Fiducial,2.0,13.0,22.4,38.7979,0,0,-1,0,1,0,0,0,0,1
506,510,flatNominal,R+2C15,ApogeeBoss,2.0,14.0,44.8,38.7979,0,0,-1,0,1,0,0,0,0,1
507,512,flatNominal,R+2C17,ApogeeBoss,2.0,16.0,89.6,38.7979,0,0,-1,0,1,0,0,0,0,1
508,513,flatNominal,R+2C18,Boss,2.0,17.0,112.0,38.7979,0,0,-1,0,1,0,0,0,0,1
509,514,flatNominal,R+2C19,ApogeeBoss,2.0,18.0,134.4,38.7979,0,0,-1,0,1,0,0,0,0,1
510,515,flatNominal,R+2C20,Boss,2.0,19.0,156.8,38.7979,0,0,-1,0,1,0,0,0,0,1
511,516,flatNominal,R+2C21,ApogeeBoss,2.0,20.0,179.2,38.7979,0,0,-1,0,1,0,0,0,0,1
512,517,flatNominal,R+2C22,Boss,2.0,21.0,201.6,38.7979,0,0,-1,0,1,0,0,0,0,1
513,518,flatNominal,R+2C23,ApogeeBoss,2.0,22.0,224.0,38.7979,0,0,-1,0,1,0,0,0,0,1
514,519,flatNominal,R+2C24,Boss,2.0,23.0,246.4,38.7979,0,0,-1,0,1,0,0,0,0,1
515,520,flatNominal,R+2C25,ApogeeBoss,2.0,24.0,268.8,38.7979,0,0,-1,0,1,0,0,0,0,1
516,521,flatNominal,R+1C1,ApogeeBoss,1.0,0.0,-280.0,19.399,0,0,-1,0,1,0,0,0,0,1
517,522,flatNominal,R+1C2,Boss,1.0,1.0,-257.6,19.399,0,0,-1,0,1,0,0,0,0,1
518,523,flatNominal,R+1C3,ApogeeBoss,1.0,2.0,-235.2,19.399,0,0,-1,0,1,0,0,0,0,1
519,524,flatNominal,R+1C4,Boss,1.0,3.0,-212.8,19.399,0,0,-1,0,1,0,0,0,0,1
520,525,flatNominal,R+1C5,ApogeeBoss,1.0,4.0,-190.4,19.399,0,0,-1,0,1,0,0,0,0,1
521,526,flatNominal,R+1C6,Boss,1.0,5.0,-168.0,19.399,0,0,-1,0,1,0,0,0,0,1
522,527,flatNominal,R+1C7,ApogeeBoss,1.0,6.0,-145.6,19.399,0,0,-1,0,1,0,0,0,0,1
523,528,flatNominal,R+1C8,Boss,1.0,7.0,-123.2,19.399,0,0,-1,0,1,0,0,0,0,1
524,529,flatNominal,R+1C9,ApogeeBoss,1.0,8.0,-100.8,19.399,0,0,-1,0,1,0,0,0,0,1
525,530,flatNominal,R+1C10,Boss,1.0,9.0,-78.4,19.399,0,0,-1,0,1,0,0,0,0,1
526,531,flatNominal,R+1C11,ApogeeBoss,1.0,10.0,-56.0,19.399,0,0,-1,0,1,0,0,0,0,1
527,532,flatNominal,R+1C12,Boss,1.0,11.0,-33.6,19.399,0,0,-1,0,1,0,0,0,0,1
528,533,flatNominal,R+1C13,ApogeeBoss,1.0,12.0,-11.2,19.399,0,0,-1,0,1,0,0,0,0,1
529,534,flatNominal,R+1C14,ApogeeBoss,1.0,13.0,11.2,19.399,0,0,-1,0,1,0,0,0,0,1
530,535,flatNominal,R+1C15,Boss,1.0,14.0,33.6,19.399,0,0,-1,0,1,0,0,0,0,1
531,536,flatNominal,R+1C16,ApogeeBoss,1.0,15.0,56.0,19.399,0,0,-1,0,1,0,0,0,0,1
532,537,flatNominal,R+1C17,Boss,1.0,16.0,78.4,19.399,0,0,-1,0,1,0,0,0,0,1
533,538,flatNominal,R+1C18,ApogeeBoss,1.0,17.0,100.8,19.399,0,0,-1,0,1,0,0,0,0,1
534,539,flatNominal,R+1C19,Boss,1.0,18.0,123.2,19.399,0,0,-1,0,1,0,0,0,0,1
535,540,flatNominal,R+1C20,ApogeeBoss,1.0,19.0,145.6,19.399,0,0,-1,0,1,0,0,0,0,1
536,541,flatNominal,R+1C21,Boss,1.0,20.0,168.0,19.399,0,0,-1,0,1,0,0,0,0,1
537,542,flatNominal,R+1C22,ApogeeBoss,1.0,21.0,190.4,19.399,0,0,-1,0,1,0,0,0,0,1
538,543,flatNominal,R+1C23,Boss,1.0,22.0,212.8,19.399,0,0,-1,0,1,0,0,0,0,1
539,544,flatNominal,R+1C24,ApogeeBoss,1.0,23.0,235.2,19.399,0,0,-1,0,1,0,0,0,0,1
540,545,flatNominal,R+1C25,Boss,1.0,24.0,257.6,19.399,0,0,-1,0,1,0,0,0,0,1
541,546,flatNominal,R+1C26,ApogeeBoss,1.0,25.0,280.0,19.399,0,0,-1,0,1,0,0,0,0,1
542,547,flatNominal,F1,Fiducial,,,-324.0,0.0,0,0,-1,0,1,0,0,0,0,1
543,548,flatNominal,F2,Fiducial,,,-312.96,83.8574,0,0,-1,0,1,0,0,0,0,1
544,549,flatNominal,F3,Fiducial,,,-229.1026,229.1026,0,0,-1,0,1,0,0,0,0,1
545,550,flatNominal,F4,Fiducial,,,-162.0,280.5922,0,0,-1,0,1,0,0,0,0,1
546,551,flatNominal,F5,Fiducial,,,-83.8574,312.96,0,0,-1,0,1,0,0,0,0,1
547,552,flatNominal,F6,Fiducial,,,83.8574,312.96,0,0,-1,0,1,0,0,0,0,1
548,553,flatNominal,F7,Fiducial,,,162.0,280.5922,0,0,-1,0,1,0,0,0,0,1
549,554,flatNominal,F8,Fiducial,,,229.1026,229.1026,0,0,-1,0,1,0,0,0,0,1
550,555,flatNominal,F9,Fiducial,,,312.96,83.8574,0,0,-1,0,1,0,0,0,0,1
551,556,flatNominal,F10,Fiducial,,,324.0,0.0,0,0,-1,0,1,0,0,0,0,1
552,557,flatNominal,F11,Fiducial,,,312.96,-83.8574,0,0,-1,0,1,0,0,0,0,1
553,558,flatNominal,F12,Fiducial,,,229.1026,-229.1026,0,0,-1,0,1,0,0,0,0,1
554,559,flatNominal,F13,Fiducial,,,162.0,-280.5922,0,0,-1,0,1,0,0,0,0,1
555,560,flatNominal,F14,Fiducial,,,83.8574,-312.96,0,0,-1,0,1,0,0,0,0,1
556,561,flatNominal,F15,Fiducial,,,-83.8574,-312.96,0,0,-1,0,1,0,0,0,0,1
557,562,flatNominal,F16,Fiducial,,,-162.0,-280.5922,0,0,-1,0,1,0,0,0,0,1
558,563,flatNominal,F17,Fiducial,,,-229.1026,-229.1026,0,0,-1,0,1,0,0,0,0,1
559,564,flatNominal,F18,Fiducial,,,-312.96,-83.8574,0,0,-1,0,1,0,0,0,0,1
