,site,wokID,holeID,holeType,hexRow,hexCol,xWok,yWok,zWok,ix,iy,iz,jx,jy,jz,kx,ky,kz
0,APO,flatNominal,R-13C1,ApogeeBoss,-13.0,0.0,-145.6,-252.1866,0,0,-1,0,1,0,0,0,0,1
1,APO,flatNominal,R-13C2,ApogeeBoss,-13.0,1.0,-123.2,-252.1866,0,0,-1,0,1,0,0,0,0,1
2,APO,flatNominal,R-13C3,ApogeeBoss,-13.0,2.0,-100.8,-252.1866,0,0,-1,0,1,0,0,0,0,1
3,APO,flatNominal,R-13C4,ApogeeBoss,-13.0,3.0,-78.4,-252.1866,0,0,-1,0,1,0,0,0,0,1
4,APO,flatNominal,R-13C5,ApogeeBoss,-13.0,4.0,-56.0,-252.1866,0,0,-1,0,1,0,0,0,0,1
5,APO,flatNominal,R-13C6,ApogeeBoss,-13.0,5.0,-33.6,-252.1866,0,0,-1,0,1,0,0,0,0,1
6,APO,flatNominal,R-13C7,ApogeeBoss,-13.0,6.0,-11.2,-252.1866,0,0,-1,0,1,0,0,0,0,1
7,APO,flatNominal,R-13C8,ApogeeBoss,-13.0,7.0,11.2,-252.1866,0,0,-1,0,1,0,0,0,0,1
8,APO,flatNominal,R-13C9,ApogeeBoss,-13.0,8.0,33.6,-252.1866,0,0,-1,0,1,0,0,0,0,1
9,APO,flatNominal,R-13C10,ApogeeBoss,-13.0,9.0,56.0,-252.1866,0,0,-1,0,1,0,0,0,0,1
10,APO,flatNominal,R-13C11,ApogeeBoss,-13.0,10.0,78.4,-252.1866,0,0,-1,0,1,0,0,0,0,1
11,APO,flatNominal,R-13C12,ApogeeBoss,-13.0,11.0,100.8,-252.1866,0,0,-1,0,1,0,0,0,0,1
12,APO,flatNominal,R-13C13,ApogeeBoss,-13.0,12.0,123.2,-252.1866,0,0,-1,0,1,0,0,0,0,1
13,APO,flatNominal,R-13C14,ApogeeBoss,-13.0,13.0,145.6,-252.1866,0,0,-1,0,1,0,0,0,0,1
14,APO,flatNominal,R-12C1,ApogeeBoss,-12.0,0.0,-156.8,-232.7876,0,0,-1,0,1,0,0,0,0,1
15,APO,flatNominal,R-12C2,ApogeeBoss,-12.0,1.0,-134.4,-232.7876,0,0,-1,0,1,0,0,0,0,1
16,APO,flatNominal,R-12C3,Boss,-12.0,2.0,-112.0,-232.7876,0,0,-1,0,1,0,0,0,0,1
17,APO,flatNominal,R-12C4,Boss,-12.0,3.0,-89.6,-232.7876,0,0,-1,0,1,0,0,0,0,1
18,APO,flatNominal,R-12C5,Boss,-12.0,4.0,-67.2,-232.7876,0,0,-1,0,1,0,0,0,0,1
19,APO,flatNominal,R-12C6,Boss,-12.0,5.0,-44.8,-232.7876,0,0,-1,0,1,0,0,0,0,1
20,APO,flatNominal,R-12C7,Boss,-12.0,6.0,-22.4,-232.7876,0,0,-1,0,1,0,0,0,0,1
21,APO,flatNominal,R-12C8,Fiducial,-12.0,7.0,0.0,-232.7876,0,0,-1,0,1,0,0,0,0,1
22,APO,flatNominal,R-12C9,Boss,-12.0,8.0,22.4,-232.7876,0,0,-1,0,1,0,0,0,0,1
23,APO,flatNominal,R-12C10,Boss,-12.0,9.0,44.8,-232.7876,0,0,-1,0,1,0,0,0,0,1
24,APO,flatNominal,R-12C11,Boss,-12.0,10.0,67.2,-232.7876,0,0,-1,0,1,0,0,0,0,1
25,APO,flatNominal,R-12C12,Boss,-12.0,11.0,89.6,-232.7876,0,0,-1,0,1,0,0,0,0,1
26,APO,flatNominal,R-12C13,Boss,-12.0,12.0,112.0,-232.7876,0,0,-1,0,1,0,0,0,0,1
27,APO,flatNominal,R-12C14,ApogeeBoss,-12.0,13.0,134.4,-232.7876,0,0,-1,0,1,0,0,0,0,1
28,APO,flatNominal,R-12C15,ApogeeBoss,-12.0,14.0,156.8,-232.7876,0,0,-1,0,1,0,0,0,0,1
29,APO,flatNominal,R-11C1,ApogeeBoss,-11.0,0.0,-168.0,-213.3887,0,0,-1,0,1,0,0,0,0,1
30,APO,flatNominal,R-11C2,Boss,-11.0,1.0,-145.6,-213.3887,0,0,-1,0,1,0,0,0,0,1
31,APO,flatNominal,R-11C3,ApogeeBoss,-11.0,2.0,-123.2,-213.3887,0,0,-1,0,1,0,0,0,0,1
32,APO,flatNominal,R-11C4,ApogeeBoss,-11.0,3.0,-100.8,-213.3887,0,0,-1,0,1,0,0,0,0,1
33,APO,flatNominal,R-11C5,ApogeeBoss,-11.0,4.0,-78.4,-213.3887,0,0,-1,0,1,0,0,0,0,1
34,APO,flatNominal,R-11C6,ApogeeBoss,-11.0,5.0,-56.0,-213.3887,0,0,-1,0,1,0,0,0,0,1
35,APO,flatNominal,R-11C7,ApogeeBoss,-11.0,6.0,-33.6,-213.3887,0,0,-1,0,1,0,0,0,0,1
36,APO,flatNominal,R-11C8,ApogeeBoss,-11.0,7.0,-11.2,-213.3887,0,0,-1,0,1,0,0,0,0,1
37,APO,flatNominal,R-11C9,ApogeeBoss,-11.0,8.0,11.2,-213.3887,0,0,-1,0,1,0,0,0,0,1
38,APO,flatNominal,R-11C10,ApogeeBoss,-11.0,9.0,33.6,-213.3887,0,0,-1,0,1,0,0,0,0,1
39,APO,flatNominal,R-11C11,ApogeeBoss,-11.0,10.0,56.0,-213.3887,0,0,-1,0,1,0,0,0,0,1
40,APO,flatNominal,R-11C12,ApogeeBoss,-11.0,11.0,78.4,-213.3887,0,0,-1,0,1,0,0,0,0,1
41,APO,flatNominal,R-11C13,ApogeeBoss,-11.0,12.0,100.8,-213.3887,0,0,-1,0,1,0,0,0,0,1
42,APO,flatNominal,R-11C14,ApogeeBoss,-11.0,13.0,123.2,-213.3887,0,0,-1,0,1,0,0,0,0,1
43,APO,flatNominal,R-11C15,Boss,-11.0,14.0,145.6,-213.3887,0,0,-1,0,1,0,0,0,0,1
44,APO,flatNominal,R-11C16,ApogeeBoss,-11.0,15.0,168.0,-213.3887,0,0,-1,0,1,0,0,0,0,1
45,APO,flatNominal,R-10C1,ApogeeBoss,-10.0,0.0,-179.2,-193.9897,0,0,-1,0,1,0,0,0,0,1
46,APO,flatNominal,R-10C2,Boss,-10.0,1.0,-156.8,-193.9897,0,0,-1,0,1,0,0,0,0,1
47,APO,flatNominal,R-10C3,ApogeeBoss,-10.0,2.0,-134.4,-193.9897,0,0,-1,0,1,0,0,0,0,1
48,APO,flatNominal,R-10C4,Fiducial,-10.0,3.0,-112.0,-193.9897,0,0,-1,0,1,0,0,0,0,1
49,APO,flatNominal,R-10C5,Boss,-10.0,4.0,-89.6,-193.9897,0,0,-1,0,1,0,0,0,0,1
50,APO,flatNominal,R-10C6,Boss,-10.0,5.0,-67.2,-193.9897,0,0,-1,0,1,0,0,0,0,1
51,APO,flatNominal,R-10C7,Fiducial,-10.0,6.0,-44.8,-193.9897,0,0,-1,0,1,0,0,0,0,1
52,APO,flatNominal,R-10C8,Boss,-10.0,7.0,-22.4,-193.9897,0,0,-1,0,1,0,0,0,0,1
53,APO,flatNominal,R-10C9,Boss,-10.0,8.0,0.0,-193.9897,0,0,-1,0,1,0,0,0,0,1
54,APO,flatNominal,R-10C10,Boss,-10.0,9.0,22.4,-193.9897,0,0,-1,0,1,0,0,0,0,1
55,APO,flatNominal,R-10C11,Fiducial,-10.0,10.0,44.8,-193.9897,0,0,-1,0,1,0,0,0,0,1
56,APO,flatNominal,R-10C12,Boss,-10.0,11.0,67.2,-193.9897,0,0,-1,0,1,0,0,0,0,1
57,APO,flatNominal,R-10C13,Boss,-10.0,12.0,89.6,-193.9897,0,0,-1,0,1,0,0,0,0,1
58,APO,flatNominal,R-10C14,Fiducial,-10.0,13.0,112.0,-193.9897,0,0,-1,0,1,0,0,0,0,1
59,APO,flatNominal,R-10C15,ApogeeBoss,-10.0,14.0,134.4,-193.9897,0,0,-1,0,1,0,0,0,0,1
60,APO,flatNominal,R-10C16,Boss,-10.0,15.0,156.8,-193.9897,0,0,-1,0,1,0,0,0,0,1
61,APO,flatNominal,R-10C17,ApogeeBoss,-10.0,16.0,179.2,-193.9897,0,0,-1,0,1,0,0,0,0,1
62,APO,flatNominal,R-9C1,ApogeeBoss,-9.0,0.0,-190.4,-174.5907,0,0,-1,0,1,0,0,0,0,1
63,APO,flatNominal,R-9C2,Boss,-9.0,1.0,-168.0,-174.5907,0,0,-1,0,1,0,0,0,0,1
64,APO,flatNominal,R-9C3,ApogeeBoss,-9.0,2.0,-145.6,-174.5907,0,0,-1,0,1,0,0,0,0,1
65,APO,flatNominal,R-9C4,Boss,-9.0,3.0,-123.2,-174.5907,0,0,-1,0,1,0,0,0,0,1
66,APO,flatNominal,R-9C5,ApogeeBoss,-9.0,4.0,-100.8,-174.5907,0,0,-1,0,1,0,0,0,0,1
67,APO,flatNominal,R-9C6,ApogeeBoss,-9.0,5.0,-78.4,-174.5907,0,0,-1,0,1,0,0,0,0,1
68,APO,flatNominal,R-9C7,ApogeeBoss,-9.0,6.0,-56.0,-174.5907,0,0,-1,0,1,0,0,0,0,1
69,APO,flatNominal,R-9C8,ApogeeBoss,-9.0,7.0,-33.6,-174.5907,0,0,-1,0,1,0,0,0,0,1
70,APO,flatNominal,R-9C9,ApogeeBoss,-9.0,8.0,-11.2,-174.5907,0,0,-1,0,1,0,0,0,0,1
71,APO,flatNominal,R-9C10,ApogeeBoss,-9.0,9.0,11.2,-174.5907,0,0,-1,0,1,0,0,0,0,1
72,APO,flatNominal,R-9C11,ApogeeBoss,-9.0,10.0,33.6,-174.5907,0,0,-1,0,1,0,0,0,0,1
73,APO,flatNominal,R-9C12,ApogeeBoss,-9.0,11.0,56.0,-174.5907,0,0,-1,0,1,0,0,0,0,1
74,APO,flatNominal,R-9C13,ApogeeBoss,-9.0,12.0,78.4,-174.5907,0,0,-1,0,1,0,0,0,0,1
75,APO,flatNominal,R-9C14,ApogeeBoss,-9.0,13.0,100.8,-174.5907,0,0,-1,0,1,0,0,0,0,1
76,APO,flatNominal,R-9C15,Boss,-9.0,14.0,123.2,-174.5907,0,0,-1,0,1,0,0,0,0,1
77,APO,flatNominal,R-9C16,ApogeeBoss,-9.0,15.0,145.6,-174.5907,0,0,-1,0,1,0,0,0,0,1
78,APO,flatNominal,R-9C17,Boss,-9.0,16.0,168.0,-174.5907,0,0,-1,0,1,0,0,0,0,1
79,APO,flatNominal,R-9C18,ApogeeBoss,-9.0,17.0,190.4,-174.5907,0,0,-1,0,1,0,0,0,0,1
80,APO,flatNominal,R-8C1,ApogeeBoss,-8.0,0.0,-201.6,-155.1918,0,0,-1,0,1,0,0,0,0,1
81,APO,flatNominal,R-8C2,Boss,-8.0,1.0,-179.2,-155.1918,0,0,-1,0,1,0,0,0,0,1
82,APO,flatNominal,R-8C3,ApogeeBoss,-8.0,2.0,-156.8,-155.1918,0,0,-1,0,1,0,0,0,0,1
83,APO,flatNominal,R-8C4,Boss,-8.0,3.0,-134.4,-155.1918,0,0,-1,0,1,0,0,0,0,1
84,APO,flatNominal,R-8C5,ApogeeBoss,-8.0,4.0,-112.0,-155.1918,0,0,-1,0,1,0,0,0,0,1
85,APO,flatNominal,R-8C6,Boss,-8.0,5.0,-89.6,-155.1918,0,0,-1,0,1,0,0,0,0,1
86,APO,flatNominal,R-8C7,Boss,-8.0,6.0,-67.2,-155.1918,0,0,-1,0,1,0,0,0,0,1
87,APO,flatNominal,R-8C8,Boss,-8.0,7.0,-44.8,-155.1918,0,0,-1,0,1,0,0,0,0,1
88,APO,flatNominal,R-8C9,Boss,-8.0,8.0,-22.4,-155.1918,0,0,-1,0,1,0,0,0,0,1
89,APO,flatNominal,R-8C10,Fiducial,-8.0,9.0,0.0,-155.1918,0,0,-1,0,1,0,0,0,0,1
90,APO,flatNominal,R-8C11,Boss,-8.0,10.0,22.4,-155.1918,0,0,-1,0,1,0,0,0,0,1
91,APO,flatNominal,R-8C12,Boss,-8.0,11.0,44.8,-155.1918,0,0,-1,0,1,0,0,0,0,1
92,APO,flatNominal,R-8C13,Boss,-8.0,12.0,67.2,-155.1918,0,0,-1,0,1,0,0,0,0,1
93,APO,flatNominal,R-8C14,Boss,-8.0,13.0,89.6,-155.1918,0,0,-1,0,1,0,0,0,0,1
94,APO,flatNominal,R-8C15,ApogeeBoss,-8.0,14.0,112.0,-155.1918,0,0,-1,0,1,0,0,0,0,1
95,APO,flatNominal,R-8C16,Boss,-8.0,15.0,134.4,-155.1918,0,0,-1,0,1,0,0,0,0,1
96,APO,flatNominal,R-8C17,ApogeeBoss,-8.0,16.0,156.8,-155.1918,0,0,-1,0,1,0,0,0,0,1
97,APO,flatNominal,R-8C18,Boss,-8.0,17.0,179.2,-155.1918,0,0,-1,0,1,0,0,0,0,1
98,APO,flatNominal,R-8C19,ApogeeBoss,-8.0,18.0,201.6,-155.1918,0,0,-1,0,1,0,0,0,0,1
99,APO,flatNominal,R-7C1,ApogeeBoss,-7.0,0.0,-212.8,-135.7928,0,0,-1,0,1,0,0,0,0,1
100,APO,flatNominal,R-7C2,Boss,-7.0,1.0,-190.4,-135.7928,0,0,-1,0,1,0,0,0,0,1
101,APO,flatNominal,R-7C3,ApogeeBoss,-7.0,2.0,-168.0,-135.7928,0,0,-1,0,1,0,0,0,0,1
102,APO,flatNominal,R-7C4,Fiducial,-7.0,3.0,-145.6,-135.7928,0,0,-1,0,1,0,0,0,0,1
103,APO,flatNominal,R-7C5,ApogeeBoss,-7.0,4.0,-123.2,-135.7928,0,0,-1,0,1,0,0,0,0,1
104,APO,flatNominal,R-7C6,Boss,-7.0,5.0,-100.8,-135.7928,0,0,-1,0,1,0,0,0,0,1
105,APO,flatNominal,R-7C7,ApogeeBoss,-7.0,6.0,-78.4,-135.7928,0,0,-1,0,1,0,0,0,0,1
106,APO,flatNominal,R-7C8,ApogeeBoss,-7.0,7.0,-56.0,-135.7928,0,0,-1,0,1,0,0,0,0,1
107,APO,flatNominal,R-7C9,ApogeeBoss,-7.0,8.0,-33.6,-135.7928,0,0,-1,0,1,0,0,0,0,1
108,APO,flatNominal,R-7C10,ApogeeBoss,-7.0,9.0,-11.2,-135.7928,0,0,-1,0,1,0,0,0,0,1
109,APO,flatNominal,R-7C11,ApogeeBoss,-7.0,10.0,11.2,-135.7928,0,0,-1,0,1,0,0,0,0,1
110,APO,flatNominal,R-7C12,ApogeeBoss,-7.0,11.0,33.6,-135.7928,0,0,-1,0,1,0,0,0,0,1
111,APO,flatNominal,R-7C13,ApogeeBoss,-7.0,12.0,56.0,-135.7928,0,0,-1,0,1,0,0,0,0,1
112,APO,flatNominal,R-7C14,ApogeeBoss,-7.0,13.0,78.4,-135.7928,0,0,-1,0,1,0,0,0,0,1
113,APO,flatNominal,R-7C15,Boss,-7.0,14.0,100.8,-135.7928,0,0,-1,0,1,0,0,0,0,1
114,APO,flatNominal,R-7C16,ApogeeBoss,-7.0,15.0,123.2,-135.7928,0,0,-1,0,1,0,0,0,0,1
115,APO,flatNominal,R-7C17,Fiducial,-7.0,16.0,145.6,-135.7928,0,0,-1,0,1,0,0,0,0,1
116,APO,flatNominal,R-7C18,ApogeeBoss,-7.0,17.0,168.0,-135.7928,0,0,-1,0,1,0,0,0,0,1
117,APO,flatNominal,R-7C19,Boss,-7.0,18.0,190.4,-135.7928,0,0,-1,0,1,0,0,0,0,1
118,APO,flatNominal,R-7C20,ApogeeBoss,-7.0,19.0,212.8,-135.7928,0,0,-1,0,1,0,0,0,0,1
119,APO,flatNominal,R-6C1,ApogeeBoss,-6.0,0.0,-224.0,-116.3938,0,0,-1,0,1,0,0,0,0,1
120,APO,flatNominal,R-6C2,Fiducial,-6.0,1.0,-201.6,-116.3938,0,0,-1,0,1,0,0,0,0,1
121,APO,flatNominal,R-6C3,ApogeeBoss,-6.0,2.0,-179.2,-116.3938,0,0,-1,0,1,0,0,0,0,1
122,APO,flatNominal,R-6C4,Boss,-6.0,3.0,-156.8,-116.3938,0,0,-1,0,1,0,0,0,0,1
123,APO,flatNominal,R-6C5,ApogeeBoss,-6.0,4.0,-134.4,-116.3938,0,0,-1,0,1,0,0,0,0,1
124,APO,flatNominal,R-6C6,Boss,-6.0,5.0,-112.0,-116.3938,0,0,-1,0,1,0,0,0,0,1
125,APO,flatNominal,R-6C7,ApogeeBoss,-6.0,6.0,-89.6,-116.3938,0,0,-1,0,1,0,0,0,0,1
126,APO,flatNominal,R-6C8,Fiducial,-6.0,7.0,-67.2,-116.3938,0,0,-1,0,1,0,0,0,0,1
127,APO,flatNominal,R-6C9,Boss,-6.0,8.0,-44.8,-116.3938,0,0,-1,0,1,0,0,0,0,1
128,APO,flatNominal,R-6C10,Boss,-6.0,9.0,-22.4,-116.3938,0,0,-1,0,1,0,0,0,0,1
129,APO,flatNominal,R-6C11,Boss,-6.0,10.0,0.0,-116.3938,0,0,-1,0,1,0,0,0,0,1
130,APO,flatNominal,R-6C12,Boss,-6.0,11.0,22.4,-116.3938,0,0,-1,0,1,0,0,0,0,1
131,APO,flatNominal,R-6C13,Boss,-6.0,12.0,44.8,-116.3938,0,0,-1,0,1,0,0,0,0,1
132,APO,flatNominal,R-6C14,Fiducial,-6.0,13.0,67.2,-116.3938,0,0,-1,0,1,0,0,0,0,1
133,APO,flatNominal,R-6C15,ApogeeBoss,-6.0,14.0,89.6,-116.3938,0,0,-1,0,1,0,0,0,0,1
134,APO,flatNominal,R-6C16,Boss,-6.0,15.0,112.0,-116.3938,0,0,-1,0,1,0,0,0,0,1
135,APO,flatNominal,R-6C17,ApogeeBoss,-6.0,16.0,134.4,-116.3938,0,0,-1,0,1,0,0,0,0,1
136,APO,flatNominal,R-6C18,Boss,-6.0,17.0,156.8,-116.3938,0,0,-1,0,1,0,0,0,0,1
137,APO,flatNominal,R-6C19,ApogeeBoss,-6.0,18.0,179.2,-116.3938,0,0,-1,0,1,0,0,0,0,1
138,APO,flatNominal,R-6C20,Fiducial,-6.0,19.0,201.6,-116.3938,0,0,-1,0,1,0,0,0,0,1
139,APO,flatNominal,R-6C21,ApogeeBoss,-6.0,20.0,224.0,-116.3938,0,0,-1,0,1,0,0,0,0,1
140,APO,flatNominal,R-5C1,ApogeeBoss,-5.0,0.0,-235.2,-96.9948,0,0,-1,0,1,0,0,0,0,1
141,APO,flatNominal,R-5C2,Boss,-5.0,1.0,-212.8,-96.9948,0,0,-1,0,1,0,0,0,0,1
142,APO,flatNominal,R-5C3,ApogeeBoss,-5.0,2.0,-190.4,-96.9948,0,0,-1,0,1,0,0,0,0,1
143,APO,flatNominal,R-5C4,Boss,-5.0,3.0,-168.0,-96.9948,0,0,-1,0,1,0,0,0,0,1
144,APO,flatNominal,R-5C5,ApogeeBoss,-5.0,4.0,-145.6,-96.9948,0,0,-1,0,1,0,0,0,0,1
145,APO,flatNominal,R-5C6,Boss,-5.0,5.0,-123.2,-96.9948,0,0,-1,0,1,0,0,0,0,1
146,APO,flatNominal,R-5C7,ApogeeBoss,-5.0,6.0,-100.8,-96.9948,0,0,-1,0,1,0,0,0,0,1
147,APO,flatNominal,R-5C8,Boss,-5.0,7.0,-78.4,-96.9948,0,0,-1,0,1,0,0,0,0,1
148,APO,flatNominal,R-5C9,ApogeeBoss,-5.0,8.0,-56.0,-96.9948,0,0,-1,0,1,0,0,0,0,1
149,APO,flatNominal,R-5C10,ApogeeBoss,-5.0,9.0,-33.6,-96.9948,0,0,-1,0,1,0,0,0,0,1
150,APO,flatNominal,R-5C11,ApogeeBoss,-5.0,10.0,-11.2,-96.9948,0,0,-1,0,1,0,0,0,0,1
151,APO,flatNominal,R-5C12,ApogeeBoss,-5.0,11.0,11.2,-96.9948,0,0,-1,0,1,0,0,0,0,1
152,APO,flatNominal,R-5C13,ApogeeBoss,-5.0,12.0,33.6,-96.9948,0,0,-1,0,1,0,0,0,0,1
153,APO,flatNominal,R-5C14,ApogeeBoss,-5.0,13.0,56.0,-96.9948,0,0,-1,0,1,0,0,0,0,1
154,APO,flatNominal,R-5C15,Boss,-5.0,14.0,78.4,-96.9948,0,0,-1,0,1,0,0,0,0,1
155,APO,flatNominal,R-5C16,ApogeeBoss,-5.0,15.0,100.8,-96.9948,0,0,-1,0,1,0,0,0,0,1
156,APO,flatNominal,R-5C17,Boss,-5.0,16.0,123.2,-96.9948,0,0,-1,0,1,0,0,0,0,1
157,APO,flatNominal,R-5C18,ApogeeBoss,-5.0,17.0,145.6,-96.9948,0,0,-1,0,1,0,0,0,0,1
158,APO,flatNominal,R-5C19,Boss,-5.0,18.0,168.0,-96.9948,0,0,-1,0,1,0,0,0,0,1
159,APO,flatNominal,R-5C20,ApogeeBoss,-5.0,19.0,190.4,-96.9948,0,0,-1,0,1,0,0,0,0,1
160,APO,flatNominal,R-5C21,Boss,-5.0,20.0,212.8,-96.9948,0,0,-1,0,1,0,0,0,0,1
161,APO,flatNominal,R-5C22,ApogeeBoss,-5.0,21.0,235.2,-96.9948,0,0,-1,0,1,0,0,0,0,1
162,APO,flatNominal,R-4C1,ApogeeBoss,-4.0,0.0,-246.4,-77.5959,0,0,-1,0,1,0,0,0,0,1
163,APO,flatNominal,R-4C2,Boss,-4.0,1.0,-224.0,-77.5959,0,0,-1,0,1,0,0,0,0,1
164,APO,flatNominal,R-4C3,ApogeeBoss,-4.0,2.0,-201.6,-77.5959,0,0,-1,0,1,0,0,0,0,1
165,APO,flatNominal,R-4C4,Boss,-4.0,3.0,-179.2,-77.5959,0,0,-1,0,1,0,0,0,0,1
166,APO,flatNominal,R-4C5,ApogeeBoss,-4.0,4.0,-156.8,-77.5959,0,0,-1,0,1,0,0,0,0,1
167,APO,flatNominal,R-4C6,Fiducial,-4.0,5.0,-134.4,-77.5959,0,0,-1,0,1,0,0,0,0,1
168,APO,flatNominal,R-4C7,ApogeeBoss,-4.0,6.0,-112.0,-77.5959,0,0,-1,0,1,0,0,0,0,1
169,APO,flatNominal,R-4C8,Boss,-4.0,7.0,-89.6,-77.5959,0,0,-1,0,1,0,0,0,0,1
170,APO,flatNominal,R-4C9,ApogeeBoss,-4.0,8.0,-67.2,-77.5959,0,0,-1,0,1,0,0,0,0,1
171,APO,flatNominal,R-4C10,Boss,-4.0,9.0,-44.8,-77.5959,0,0,-1,0,1,0,0,0,0,1
172,APO,flatNominal,R-4C11,Boss,-4.0,10.0,-22.4,-77.5959,0,0,-1,0,1,0,0,0,0,1
173,APO,flatNominal,R-4C12,Boss,-4.0,11.0,0.0,-77.5959,0,0,-1,0,1,0,0,0,0,1
174,APO,flatNominal,R-4C13,Boss,-4.0,12.0,22.4,-77.5959,0,0,-1,0,1,0,0,0,0,1
175,APO,flatNominal,R-4C14,Boss,-4.0,13.0,44.8,-77.5959,0,0,-1,0,1,0,0,0,0,1
176,APO,flatNominal,R-4C15,ApogeeBoss,-4.0,14.0,67.2,-77.5959,0,0,-1,0,1,0,0,0,0,1
177,APO,flatNominal,R-4C16,Boss,-4.0,15.0,89.6,-77.5959,0,0,-1,0,1,0,0,0,0,1
178,APO,flatNominal,R-4C17,ApogeeBoss,-4.0,16.0,112.0,-77.5959,0,0,-1,0,1,0,0,0,0,1
179,APO,flatNominal,R-4C18,Fiducial,-4.0,17.0,134.4,-77.5959,0,0,-1,0,1,0,0,0,0,1
180,APO,flatNominal,R-4C19,ApogeeBoss,-4.0,18.0,156.8,-77.5959,0,0,-1,0,1,0,0,0,0,1
181,APO,flatNominal,R-4C20,Boss,-4.0,19.0,179.2,-77.5959,0,0,-1,0,1,0,0,0,0,1
182,APO,flatNominal,R-4C21,ApogeeBoss,-4.0,20.0,201.6,-77.5959,0,0,-1,0,1,0,0,0,0,1
183,APO,flatNominal,R-4C22,Boss,-4.0,21.0,224.0,-77.5959,0,0,-1,0,1,0,0,0,0,1
184,APO,flatNominal,R-4C23,ApogeeBoss,-4.0,22.0,246.4,-77.5959,0,0,-1,0,1,0,0,0,0,1
185,APO,flatNominal,R-3C1,ApogeeBoss,-3.0,0.0,-257.6,-58.1969,0,0,-1,0,1,0,0,0,0,1
186,APO,flatNominal,R-3C2,Boss,-3.0,1.0,-235.2,-58.1969,0,0,-1,0,1,0,0,0,0,1
187,APO,flatNominal,R-3C3,ApogeeBoss,-3.0,2.0,-212.8,-58.1969,0,0,-1,0,1,0,0,0,0,1
188,APO,flatNominal,R-3C4,Fiducial,-3.0,3.0,-190.4,-58.1969,0,0,-1,0,1,0,0,0,0,1
189,APO,flatNominal,R-3C5,ApogeeBoss,-3.0,4.0,-168.0,-58.1969,0,0,-1,0,1,0,0,0,0,1
190,APO,flatNominal,R-3C6,Boss,-3.0,5.0,-145.6,-58.1969,0,0,-1,0,1,0,0,0,0,1
191,APO,flatNominal,R-3C7,ApogeeBoss,-3.0,6.0,-123.2,-58.1969,0,0,-1,0,1,0,0,0,0,1
192,APO,flatNominal,R-3C8,Boss,-3.0,7.0,-100.8,-58.1969,0,0,-1,0,1,0,0,0,0,1
193,APO,flatNominal,R-3C9,ApogeeBoss,-3.0,8.0,-78.4,-58.1969,0,0,-1,0,1,0,0,0,0,1
194,APO,flatNominal,R-3C10,Boss,-3.0,9.0,-56.0,-58.1969,0,0,-1,0,1,0,0,0,0,1
195,APO,flatNominal,R-3C11,ApogeeBoss,-3.0,10.0,-33.6,-58.1969,0,0,-1,0,1,0,0,0,0,1
196,APO,flatNominal,R-3C12,ApogeeBoss,-3.0,11.0,-11.2,-58.1969,0,0,-1,0,1,0,0,0,0,1
197,APO,flatNominal,R-3C13,ApogeeBoss,-3.0,12.0,11.2,-58.1969,0,0,-1,0,1,0,0,0,0,1
198,APO,flatNominal,R-3C14,ApogeeBoss,-3.0,13.0,33.6,-58.1969,0,0,-1,0,1,0,0,0,0,1
199,APO,flatNominal,R-3C15,Boss,-3.0,14.0,56.0,-58.1969,0,0,-1,0,1,0,0,0,0,1
200,APO,flatNominal,R-3C16,ApogeeBoss,-3.0,15.0,78.4,-58.1969,0,0,-1,0,1,0,0,0,0,1
201,APO,flatNominal,R-3C17,Boss,-3.0,16.0,100.8,-58.1969,0,0,-1,0,1,0,0,0,0,1
202,APO,flatNominal,R-3C18,ApogeeBoss,-3.0,17.0,123.2,-58.1969,0,0,-1,0,1,0,0,0,0,1
203,APO,flatNominal,R-3C19,Boss,-3.0,18.0,145.6,-58.1969,0,0,-1,0,1,0,0,0,0,1
204,APO,flatNominal,R-3C20,ApogeeBoss,-3.0,19.0,168.0,-58.1969,0,0,-1,0,1,0,0,0,0,1
205,APO,flatNominal,R-3C21,Fiducial,-3.0,20.0,190.4,-58.1969,0,0,-1,0,1,0,0,0,0,1
206,APO,flatNominal,R-3C22,ApogeeBoss,-3.0,21.0,212.8,-58.1969,0,0,-1,0,1,0,0,0,0,1
207,APO,flatNominal,R-3C23,Boss,-3.0,22.0,235.2,-58.1969,0,0,-1,0,1,0,0,0,0,1
208,APO,flatNominal,R-3C24,ApogeeBoss,-3.0,23.0,257.6,-58.1969,0,0,-1,0,1,0,0,0,0,1
209,APO,flatNominal,R-2C1,ApogeeBoss,-2.0,0.0,-268.8,-38.7979,0,0,-1,0,1,0,0,0,0,1
210,APO,flatNominal,R-2C2,Boss,-2.0,1.0,-246.4,-38.7979,0,0,-1,0,1,0,0,0,0,1
211,APO,flatNominal,R-2C3,ApogeeBoss,-2.0,2.0,-224.0,-38.7979,0,0,-1,0,1,0,0,0,0,1
212,APO,flatNominal,R-2C4,Boss,-2.0,3.0,-201.6,-38.7979,0,0,-1,0,1,0,0,0,0,1
213,APO,flatNominal,R-2C5,ApogeeBoss,-2.0,4.0,-179.2,-38.7979,0,0,-1,0,1,0,0,0,0,1
214,APO,flatNominal,R-2C6,Boss,-2.0,5.0,-156.8,-38.7979,0,0,-1,0,1,0,0,0,0,1
215,APO,flatNominal,R-2C7,ApogeeBoss,-2.0,6.0,-134.4,-38.7979,0,0,-1,0,1,0,0,0,0,1
216,APO,flatNominal,R-2C8,Boss,-2.0,7.0,-112.0,-38.7979,0,0,-1,0,1,0,0,0,0,1
217,APO,flatNominal,R-2C9,ApogeeBoss,-2.0,8.0,-89.6,-38.7979,0,0,-1,0,1,0,0,0,0,1
218,APO,flatNominal,R-2C11,ApogeeBoss,-2.0,10.0,-44.8,-38.7979,0,0,-1,0,1,0,0,0,0,1
219,APO,flatNominal,R-2C12,Fiducial,-2.0,11.0,-22.4,-38.7979,0,0,-1,0,1,0,0,0,0,1
220,APO,flatNominal,R-2C13,Boss,-2.0,12.0,0.0,-38.7979,0,0,-1,0,1,0,0,0,0,1
221,APO,flatNominal,R-2C14,Fiducial,-2.0,13.0,22.4,-38.7979,0,0,-1,0,1,0,0,0,0,1
222,APO,flatNominal,R-2C15,ApogeeBoss,-2.0,14.0,44.8,-38.7979,0,0,-1,0,1,0,0,0,0,1
223,APO,flatNominal,R-2C17,ApogeeBoss,-2.0,16.0,89.6,-38.7979,0,0,-1,0,1,0,0,0,0,1
224,APO,flatNominal,R-2C18,Boss,-2.0,17.0,112.0,-38.7979,0,0,-1,0,1,0,0,0,0,1
225,APO,flatNominal,R-2C19,ApogeeBoss,-2.0,18.0,134.4,-38.7979,0,0,-1,0,1,0,0,0,0,1
226,APO,flatNominal,R-2C20,Boss,-2.0,19.0,156.8,-38.7979,0,0,-1,0,1,0,0,0,0,1
227,APO,flatNominal,R-2C21,ApogeeBoss,-2.0,20.0,179.2,-38.7979,0,0,-1,0,1,0,0,0,0,1
228,APO,flatNominal,R-2C22,Boss,-2.0,21.0,201.6,-38.7979,0,0,-1,0,1,0,0,0,0,1
229,APO,flatNominal,R-2C23,ApogeeBoss,-2.0,22.0,224.0,-38.7979,0,0,-1,0,1,0,0,0,0,1
230,APO,flatNominal,R-2C24,Boss,-2.0,23.0,246.4,-38.7979,0,0,-1,0,1,0,0,0,0,1
231,APO,flatNominal,R-2C25,ApogeeBoss,-2.0,24.0,268.8,-38.7979,0,0,-1,0,1,0,0,0,0,1
232,APO,flatNominal,R-1C1,ApogeeBoss,-1.0,0.0,-280.0,-19.399,0,0,-1,0,1,0,0,0,0,1
233,APO,flatNominal,R-1C2,Boss,-1.0,1.0,-257.6,-19.399,0,0,-1,0,1,0,0,0,0,1
234,APO,flatNominal,R-1C3,ApogeeBoss,-1.0,2.0,-235.2,-19.399,0,0,-1,0,1,0,0,0,0,1
235,APO,flatNominal,R-1C4,Boss,-1.0,3.0,-212.8,-19.399,0,0,-1,0,1,0,0,0,0,1
236,APO,flatNominal,R-1C5,ApogeeBoss,-1.0,4.0,-190.4,-19.399,0,0,-1,0,1,0,0,0,0,1
237,APO,flatNominal,R-1C6,Boss,-1.0,5.0,-168.0,-19.399,0,0,-1,0,1,0,0,0,0,1
238,APO,flatNominal,R-1C7,ApogeeBoss,-1.0,6.0,-145.6,-19.399,0,0,-1,0,1,0,0,0,0,1
239,APO,flatNominal,R-1C8,Boss,-1.0,7.0,-123.2,-19.399,0,0,-1,0,1,0,0,0,0,1
240,APO,flatNominal,R-1C9,ApogeeBoss,-1.0,8.0,-100.8,-19.399,0,0,-1,0,1,0,0,0,0,1
241,APO,flatNominal,R-1C10,Boss,-1.0,9.0,-78.4,-19.399,0,0,-1,0,1,0,0,0,0,1
242,APO,flatNominal,R-1C11,ApogeeBoss,-1.0,10.0,-56.0,-19.399,0,0,-1,0,1,0,0,0,0,1
243,APO,flatNominal,R-1C12,Boss,-1.0,11.0,-33.6,-19.399,0,0,-1,0,1,0,0,0,0,1
244,APO,flatNominal,R-1C13,ApogeeBoss,-1.0,12.0,-11.2,-19.399,0,0,-1,0,1,0,0,0,0,1
245,APO,flatNominal,R-1C14,ApogeeBoss,-1.0,13.0,11.2,-19.399,0,0,-1,0,1,0,0,0,0,1
246,APO,flatNominal,R-1C15,Boss,-1.0,14.0,33.6,-19.399,0,0,-1,0,1,0,0,0,0,1
247,APO,flatNominal,R-1C16,ApogeeBoss,-1.0,15.0,56.0,-19.399,0,0,-1,0,1,0,0,0,0,1
248,APO,flatNominal,R-1C17,Boss,-1.0,16.0,78.4,-19.399,0,0,-1,0,1,0,0,0,0,1
249,APO,flatNominal,R-1C18,ApogeeBoss,-1.0,17.0,100.8,-19.399,0,0,-1,0,1,0,0,0,0,1
250,APO,flatNominal,R-1C19,Boss,-1.0,18.0,123.2,-19.399,0,0,-1,0,1,0,0,0,0,1
251,APO,flatNominal,R-1C20,ApogeeBoss,-1.0,19.0,145.6,-19.399,0,0,-1,0,1,0,0,0,0,1
252,APO,flatNominal,R-1C21,Boss,-1.0,20.0,168.0,-19.399,0,0,-1,0,1,0,0,0,0,1
253,APO,flatNominal,R-1C22,ApogeeBoss,-1.0,21.0,190.4,-19.399,0,0,-1,0,1,0,0,0,0,1
254,APO,flatNominal,R-1C23,Boss,-1.0,22.0,212.8,-19.399,0,0,-1,0,1,0,0,0,0,1
255,APO,flatNominal,R-1C24,ApogeeBoss,-1.0,23.0,235.2,-19.399,0,0,-1,0,1,0,0,0,0,1
256,APO,flatNominal,R-1C25,Boss,-1.0,24.0,257.6,-19.399,0,0,-1,0,1,0,0,0,0,1
257,APO,flatNominal,R-1C26,ApogeeBoss,-1.0,25.0,280.0,-19.399,0,0,-1,0,1,0,0,0,0,1
258,APO,flatNominal,R0C1,Boss,0.0,0.0,-291.2,0.0,0,0,-1,0,1,0,0,0,0,1
259,APO,flatNominal,R0C2,ApogeeBoss,0.0,1.0,-268.8,0.0,0,0,-1,0,1,0,0,0,0,1
260,APO,flatNominal,R0C3,ApogeeBoss,0.0,2.0,-246.4,0.0,0,0,-1,0,1,0,0,0,0,1
261,APO,flatNominal,R0C4,Fiducial,0.0,3.0,-224.0,0.0,0,0,-1,0,1,0,0,0,0,1
262,APO,flatNominal,R0C5,ApogeeBoss,0.0,4.0,-201.6,0.0,0,0,-1,0,1,0,0,0,0,1
263,APO,flatNominal,R0C6,Boss,0.0,5.0,-179.2,0.0,0,0,-1,0,1,0,0,0,0,1
264,APO,flatNominal,R0C7,ApogeeBoss,0.0,6.0,-156.8,0.0,0,0,-1,0,1,0,0,0,0,1
265,APO,flatNominal,R0C8,Fiducial,0.0,7.0,-134.4,0.0,0,0,-1,0,1,0,0,0,0,1
266,APO,flatNominal,R0C9,ApogeeBoss,0.0,8.0,-112.0,0.0,0,0,-1,0,1,0,0,0,0,1
267,APO,flatNominal,R0C10,Boss,0.0,9.0,-89.6,0.0,0,0,-1,0,1,0,0,0,0,1
268,APO,flatNominal,R0C11,ApogeeBoss,0.0,10.0,-67.2,0.0,0,0,-1,0,1,0,0,0,0,1
269,APO,flatNominal,R0C12,Fiducial,0.0,11.0,-44.8,0.0,0,0,-1,0,1,0,0,0,0,1
270,APO,flatNominal,R0C13,ApogeeBoss,0.0,12.0,-22.4,0.0,0,0,-1,0,1,0,0,0,0,1
271,APO,flatNominal,R0C14,Boss,0.0,13.0,0.0,0.0,0,0,-1,0,1,0,0,0,0,1
272,APO,flatNominal,R0C15,ApogeeBoss,0.0,14.0,22.4,0.0,0,0,-1,0,1,0,0,0,0,1
273,APO,flatNominal,R0C16,Fiducial,0.0,15.0,44.8,0.0,0,0,-1,0,1,0,0,0,0,1
274,APO,flatNominal,R0C17,ApogeeBoss,0.0,16.0,67.2,0.0,0,0,-1,0,1,0,0,0,0,1
275,APO,flatNominal,R0C18,Boss,0.0,17.0,89.6,0.0,0,0,-1,0,1,0,0,0,0,1
276,APO,flatNominal,R0C19,ApogeeBoss,0.0,18.0,112.0,0.0,0,0,-1,0,1,0,0,0,0,1
277,APO,flatNominal,R0C20,Fiducial,0.0,19.0,134.4,0.0,0,0,-1,0,1,0,0,0,0,1
278,APO,flatNominal,R0C21,ApogeeBoss,0.0,20.0,156.8,0.0,0,0,-1,0,1,0,0,0,0,1
279,APO,flatNominal,R0C22,Boss,0.0,21.0,179.2,0.0,0,0,-1,0,1,0,0,0,0,1
280,APO,flatNominal,R0C23,ApogeeBoss,0.0,22.0,201.6,0.0,0,0,-1,0,1,0,0,0,0,1
281,APO,flatNominal,R0C24,Fiducial,0.0,23.0,224.0,0.0,0,0,-1,0,1,0,0,0,0,1
282,APO,flatNominal,R0C25,ApogeeBoss,0.0,24.0,246.4,0.0,0,0,-1,0,1,0,0,0,0,1
283,APO,flatNominal,R0C26,ApogeeBoss,0.0,25.0,268.8,0.0,0,0,-1,0,1,0,0,0,0,1
284,APO,flatNominal,R0C27,Boss,0.0,26.0,291.2,0.0,0,0,-1,0,1,0,0,0,0,1
285,APO,flatNominal,R+13C1,ApogeeBoss,13.0,0.0,-145.6,252.1866,0,0,-1,0,1,0,0,0,0,1
286,APO,flatNominal,R+13C2,ApogeeBoss,13.0,1.0,-123.2,252.1866,0,0,-1,0,1,0,0,0,0,1
287,APO,flatNominal,R+13C3,ApogeeBoss,13.0,2.0,-100.8,252.1866,0,0,-1,0,1,0,0,0,0,1
288,APO,flatNominal,R+13C4,ApogeeBoss,13.0,3.0,-78.4,252.1866,0,0,-1,0,1,0,0,0,0,1
289,APO,flatNominal,R+13C5,ApogeeBoss,13.0,4.0,-56.0,252.1866,0,0,-1,0,1,0,0,0,0,1
290,APO,flatNominal,R+13C6,ApogeeBoss,13.0,5.0,-33.6,252.1866,0,0,-1,0,1,0,0,0,0,1
291,APO,flatNominal,R+13C7,ApogeeBoss,13.0,6.0,-11.2,252.1866,0,0,-1,0,1,0,0,0,0,1
292,APO,flatNominal,R+13C8,ApogeeBoss,13.0,7.0,11.2,252.1866,0,0,-1,0,1,0,0,0,0,1
293,APO,flatNominal,R+13C9,ApogeeBoss,13.0,8.0,33.6,252.1866,0,0,-1,0,1,0,0,0,0,1
294,APO,flatNominal,R+13C10,ApogeeBoss,13.0,9.0,56.0,252.1866,0,0,-1,0,1,0,0,0,0,1
295,APO,flatNominal,R+13C11,ApogeeBoss,13.0,10.0,78.4,252.1866,0,0,-1,0,1,0,0,0,0,1
296,APO,flatNominal,R+13C12,ApogeeBoss,13.0,11.0,100.8,252.1866,0,0,-1,0,1,0,0,0,0,1
297,APO,flatNominal,R+13C13,ApogeeBoss,13.0,12.0,123.2,252.1866,0,0,-1,0,1,0,0,0,0,1
298,APO,flatNominal,R+13C14,ApogeeBoss,13.0,13.0,145.6,252.1866,0,0,-1,0,1,0,0,0,0,1
299,APO,flatNominal,R+12C1,ApogeeBoss,12.0,0.0,-156.8,232.7876,0,0,-1,0,1,0,0,0,0,1
300,APO,flatNominal,R+12C2,ApogeeBoss,12.0,1.0,-134.4,232.7876,0,0,-1,0,1,0,0,0,0,1
301,APO,flatNominal,R+12C3,Boss,12.0,2.0,-112.0,232.7876,0,0,-1,0,1,0,0,0,0,1
302,APO,flatNominal,R+12C4,Boss,12.0,3.0,-89.6,232.7876,0,0,-1,0,1,0,0,0,0,1
303,APO,flatNominal,R+12C5,Boss,12.0,4.0,-67.2,232.7876,0,0,-1,0,1,0,0,0,0,1
304,APO,flatNominal,R+12C6,Boss,12.0,5.0,-44.8,232.7876,0,0,-1,0,1,0,0,0,0,1
305,APO,flatNominal,R+12C7,Boss,12.0,6.0,-22.4,232.7876,0,0,-1,0,1,0,0,0,0,1
306,APO,flatNominal,R+12C8,Fiducial,12.0,7.0,0.0,232.7876,0,0,-1,0,1,0,0,0,0,1
307,APO,flatNominal,R+12C9,Boss,12.0,8.0,22.4,232.7876,0,0,-1,0,1,0,0,0,0,1
308,APO,flatNominal,R+12C10,Boss,12.0,9.0,44.8,232.7876,0,0,-1,0,1,0,0,0,0,1
309,APO,flatNominal,R+12C11,Boss,12.0,10.0,67.2,232.7876,0,0,-1,0,1,0,0,0,0,1
310,APO,flatNominal,R+12C12,Boss,12.0,11.0,89.6,232.7876,0,0,-1,0,1,0,0,0,0,1
311,APO,flatNominal,R+12C13,Boss,12.0,12.0,112.0,232.7876,0,0,-1,0,1,0,0,0,0,1
312,APO,flatNominal,R+12C14,ApogeeBoss,12.0,13.0,134.4,232.7876,0,0,-1,0,1,0,0,0,0,1
313,APO,flatNominal,R+12C15,ApogeeBoss,12.0,14.0,156.8,232.7876,0,0,-1,0,1,0,0,0,0,1
314,APO,flatNominal,R+11C1,ApogeeBoss,11.0,0.0,-168.0,213.3887,0,0,-1,0,1,0,0,0,0,1
315,APO,flatNominal,R+11C2,Boss,11.0,1.0,-145.6,213.3887,0,0,-1,0,1,0,0,0,0,1
316,APO,flatNominal,R+11C3,ApogeeBoss,11.0,2.0,-123.2,213.3887,0,0,-1,0,1,0,0,0,0,1
317,APO,flatNominal,R+11C4,ApogeeBoss,11.0,3.0,-100.8,213.3887,0,0,-1,0,1,0,0,0,0,1
318,APO,flatNominal,R+11C5,ApogeeBoss,11.0,4.0,-78.4,213.3887,0,0,-1,0,1,0,0,0,0,1
319,APO,flatNominal,R+11C6,ApogeeBoss,11.0,5.0,-56.0,213.3887,0,0,-1,0,1,0,0,0,0,1
320,APO,flatNominal,R+11C7,ApogeeBoss,11.0,6.0,-33.6,213.3887,0,0,-1,0,1,0,0,0,0,1
321,APO,flatNominal,R+11C8,ApogeeBoss,11.0,7.0,-11.2,213.3887,0,0,-1,0,1,0,0,0,0,1
322,APO,flatNominal,R+11C9,ApogeeBoss,11.0,8.0,11.2,213.3887,0,0,-1,0,1,0,0,0,0,1
323,APO,flatNominal,R+11C10,ApogeeBoss,11.0,9.0,33.6,213.3887,0,0,-1,0,1,0,0,0,0,1
324,APO,flatNominal,R+11C11,ApogeeBoss,11.0,10.0,56.0,213.3887,0,0,-1,0,1,0,0,0,0,1
325,APO,flatNominal,R+11C12,ApogeeBoss,11.0,11.0,78.4,213.3887,0,0,-1,0,1,0,0,0,0,1
326,APO,flatNominal,R+11C13,ApogeeBoss,11.0,12.0,100.8,213.3887,0,0,-1,0,1,0,0,0,0,1
327,APO,flatNominal,R+11C14,ApogeeBoss,11.0,13.0,123.2,213.3887,0,0,-1,0,1,0,0,0,0,1
328,APO,flatNominal,R+11C15,Boss,11.0,14.0,145.6,213.3887,0,0,-1,0,1,0,0,0,0,1
329,APO,flatNominal,R+11C16,ApogeeBoss,11.0,15.0,168.0,213.3887,0,0,-1,0,1,0,0,0,0,1
330,APO,flatNominal,R+10C1,ApogeeBoss,10.0,0.0,-179.2,193.9897,0,0,-1,0,1,0,0,0,0,1
331,APO,flatNominal,R+10C2,Boss,10.0,1.0,-156.8,193.9897,0,0,-1,0,1,0,0,0,0,1
332,APO,flatNominal,R+10C3,ApogeeBoss,10.0,2.0,-134.4,193.9897,0,0,-1,0,1,0,0,0,0,1
333,APO,flatNominal,R+10C4,Fiducial,10.0,3.0,-112.0,193.9897,0,0,-1,0,1,0,0,0,0,1
334,APO,flatNominal,R+10C5,Boss,10.0,4.0,-89.6,193.9897,0,0,-1,0,1,0,0,0,0,1
335,APO,flatNominal,R+10C6,Boss,10.0,5.0,-67.2,193.9897,0,0,-1,0,1,0,0,0,0,1
336,APO,flatNominal,R+10C7,Fiducial,10.0,6.0,-44.8,193.9897,0,0,-1,0,1,0,0,0,0,1
337,APO,flatNominal,R+10C8,Boss,10.0,7.0,-22.4,193.9897,0,0,-1,0,1,0,0,0,0,1
338,APO,flatNominal,R+10C9,Boss,10.0,8.0,0.0,193.9897,0,0,-1,0,1,0,0,0,0,1
339,APO,flatNominal,R+10C10,Boss,10.0,9.0,22.4,193.9897,0,0,-1,0,1,0,0,0,0,1
340,APO,flatNominal,R+10C11,Fiducial,10.0,10.0,44.8,193.9897,0,0,-1,0,1,0,0,0,0,1
341,APO,flatNominal,R+10C12,Boss,10.0,11.0,67.2,193.9897,0,0,-1,0,1,0,0,0,0,1
342,APO,flatNominal,R+10C13,Boss,10.0,12.0,89.6,193.9897,0,0,-1,0,1,0,0,0,0,1
343,APO,flatNominal,R+10C14,Fiducial,10.0,13.0,112.0,193.9897,0,0,-1,0,1,0,0,0,0,1
344,APO,flatNominal,R+10C15,ApogeeBoss,10.0,14.0,134.4,193.9897,0,0,-1,0,1,0,0,0,0,1
345,APO,flatNominal,R+10C16,Boss,10.0,15.0,156.8,193.9897,0,0,-1,0,1,0,0,0,0,1
346,APO,flatNominal,R+10C17,ApogeeBoss,10.0,16.0,179.2,193.9897,0,0,-1,0,1,0,0,0,0,1
347,APO,flatNominal,R+9C1,ApogeeBoss,9.0,0.0,-190.4,174.5907,0,0,-1,0,1,0,0,0,0,1
348,APO,flatNominal,R+9C2,Boss,9.0,1.0,-168.0,174.5907,0,0,-1,0,1,0,0,0,0,1
349,APO,flatNominal,R+9C3,ApogeeBoss,9.0,2.0,-145.6,174.5907,0,0,-1,0,1,0,0,0,0,1
350,APO,flatNominal,R+9C4,Boss,9.0,3.0,-123.2,174.5907,0,0,-1,0,1,0,0,0,0,1
351,APO,flatNominal,R+9C5,ApogeeBoss,9.0,4.0,-100.8,174.5907,0,0,-1,0,1,0,0,0,0,1
352,APO,flatNominal,R+9C6,ApogeeBoss,9.0,5.0,-78.4,174.5907,0,0,-1,0,1,0,0,0,0,1
353,APO,flatNominal,R+9C7,ApogeeBoss,9.0,6.0,-56.0,174.5907,0,0,-1,0,1,0,0,0,0,1
354,APO,flatNominal,R+9C8,ApogeeBoss,9.0,7.0,-33.6,174.5907,0,0,-1,0,1,0,0,0,0,1
355,APO,flatNominal,R+9C9,ApogeeBoss,9.0,8.0,-11.2,174.5907,0,0,-1,0,1,0,0,0,0,1
356,APO,flatNominal,R+9C10,ApogeeBoss,9.0,9.0,11.2,174.5907,0,0,-1,0,1,0,0,0,0,1
357,APO,flatNominal,R+9C11,ApogeeBoss,9.0,10.0,33.6,174.5907,0,0,-1,0,1,0,0,0,0,1
358,APO,flatNominal,R+9C12,ApogeeBoss,9.0,11.0,56.0,174.5907,0,0,-1,0,1,0,0,0,0,1
359,APO,flatNominal,R+9C13,ApogeeBoss,9.0,12.0,78.4,174.5907,0,0,-1,0,1,0,0,0,0,1
360,APO,flatNominal,R+9C14,ApogeeBoss,9.0,13.0,100.8,174.5907,0,0,-1,0,1,0,0,0,0,1
361,APO,flatNominal,R+9C15,Boss,9.0,14.0,123.2,174.5907,0,0,-1,0,1,0,0,0,0,1
362,APO,flatNominal,R+9C16,ApogeeBoss,9.0,15.0,145.6,174.5907,0,0,-1,0,1,0,0,0,0,1
363,APO,flatNominal,R+9C17,Boss,9.0,16.0,168.0,174.5907,0,0,-1,0,1,0,0,0,0,1
364,APO,flatNominal,R+9C18,ApogeeBoss,9.0,17.0,190.4,174.5907,0,0,-1,0,1,0,0,0,0,1
365,APO,flatNominal,R+8C1,ApogeeBoss,8.0,0.0,-201.6,155.1918,0,0,-1,0,1,0,0,0,0,1
366,APO,flatNominal,R+8C2,Boss,8.0,1.0,-179.2,155.1918,0,0,-1,0,1,0,0,0,0,1
367,APO,flatNominal,R+8C3,ApogeeBoss,8.0,2.0,-156.8,155.1918,0,0,-1,0,1,0,0,0,0,1
368,APO,flatNominal,R+8C4,Boss,8.0,3.0,-134.4,155.1918,0,0,-1,0,1,0,0,0,0,1
369,APO,flatNominal,R+8C5,ApogeeBoss,8.0,4.0,-112.0,155.1918,0,0,-1,0,1,0,0,0,0,1
370,APO,flatNominal,R+8C6,Boss,8.0,5.0,-89.6,155.1918,0,0,-1,0,1,0,0,0,0,1
371,APO,flatNominal,R+8C7,Boss,8.0,6.0,-67.2,155.1918,0,0,-1,0,1,0,0,0,0,1
372,APO,flatNominal,R+8C8,Boss,8.0,7.0,-44.8,155.1918,0,0,-1,0,1,0,0,0,0,1
373,APO,flatNominal,R+8C9,Boss,8.0,8.0,-22.4,155.1918,0,0,-1,0,1,0,0,0,0,1
374,APO,flatNominal,R+8C10,Fiducial,8.0,9.0,0.0,155.1918,0,0,-1,0,1,0,0,0,0,1
375,APO,flatNominal,R+8C11,Boss,8.0,10.0,22.4,155.1918,0,0,-1,0,1,0,0,0,0,1
376,APO,flatNominal,R+8C12,Boss,8.0,11.0,44.8,155.1918,0,0,-1,0,1,0,0,0,0,1
377,APO,flatNominal,R+8C13,Boss,8.0,12.0,67.2,155.1918,0,0,-1,0,1,0,0,0,0,1
378,APO,flatNominal,R+8C14,Boss,8.0,13.0,89.6,155.1918,0,0,-1,0,1,0,0,0,0,1
379,APO,flatNominal,R+8C15,ApogeeBoss,8.0,14.0,112.0,155.1918,0,0,-1,0,1,0,0,0,0,1
380,APO,flatNominal,R+8C16,Boss,8.0,15.0,134.4,155.1918,0,0,-1,0,1,0,0,0,0,1
381,APO,flatNominal,R+8C17,ApogeeBoss,8.0,16.0,156.8,155.1918,0,0,-1,0,1,0,0,0,0,1
382,APO,flatNominal,R+8C18,Boss,8.0,17.0,179.2,155.1918,0,0,-1,0,1,0,0,0,0,1
383,APO,flatNominal,R+8C19,ApogeeBoss,8.0,18.0,201.6,155.1918,0,0,-1,0,1,0,0,0,0,1
384,APO,flatNominal,R+7C1,ApogeeBoss,7.0,0.0,-212.8,135.7928,0,0,-1,0,1,0,0,0,0,1
385,APO,flatNominal,R+7C2,Boss,7.0,1.0,-190.4,135.7928,0,0,-1,0,1,0,0,0,0,1
386,APO,flatNominal,R+7C3,ApogeeBoss,7.0,2.0,-168.0,135.7928,0,0,-1,0,1,0,0,0,0,1
387,APO,flatNominal,R+7C4,Fiducial,7.0,3.0,-145.6,135.7928,0,0,-1,0,1,0,0,0,0,1
388,APO,flatNominal,R+7C5,ApogeeBoss,7.0,4.0,-123.2,135.7928,0,0,-1,0,1,0,0,0,0,1
389,APO,flatNominal,R+7C6,Boss,7.0,5.0,-100.8,135.7928,0,0,-1,0,1,0,0,0,0,1
390,APO,flatNominal,R+7C7,ApogeeBoss,7.0,6.0,-78.4,135.7928,0,0,-1,0,1,0,0,0,0,1
391,APO,flatNominal,R+7C8,ApogeeBoss,7.0,7.0,-56.0,135.7928,0,0,-1,0,1,0,0,0,0,1
392,APO,flatNominal,R+7C9,ApogeeBoss,7.0,8.0,-33.6,135.7928,0,0,-1,0,1,0,0,0,0,1
393,APO,flatNominal,R+7C10,ApogeeBoss,7.0,9.0,-11.2,135.7928,0,0,-1,0,1,0,0,0,0,1
394,APO,flatNominal,R+7C11,ApogeeBoss,7.0,10.0,11.2,135.7928,0,0,-1,0,1,0,0,0,0,1
395,APO,flatNominal,R+7C12,ApogeeBoss,7.0,11.0,33.6,135.7928,0,0,-1,0,1,0,0,0,0,1
396,APO,flatNominal,R+7C13,ApogeeBoss,7.0,12.0,56.0,135.7928,0,0,-1,0,1,0,0,0,0,1
397,APO,flatNominal,R+7C14,ApogeeBoss,7.0,13.0,78.4,135.7928,0,0,-1,0,1,0,0,0,0,1
398,APO,flatNominal,R+7C15,Boss,7.0,14.0,100.8,135.7928,0,0,-1,0,1,0,0,0,0,1
399,APO,flatNominal,R+7C16,ApogeeBoss,7.0,15.0,123.2,135.7928,0,0,-1,0,1,0,0,0,0,1
400,APO,flatNominal,R+7C17,Fiducial,7.0,16.0,145.6,135.7928,0,0,-1,0,1,0,0,0,0,1
401,APO,flatNominal,R+7C18,ApogeeBoss,7.0,17.0,168.0,135.7928,0,0,-1,0,1,0,0,0,0,1
402,APO,flatNominal,R+7C19,Boss,7.0,18.0,190.4,135.7928,0,0,-1,0,1,0,0,0,0,1
403,APO,flatNominal,R+7C20,ApogeeBoss,7.0,19.0,212.8,135.7928,0,0,-1,0,1,0,0,0,0,1
404,APO,flatNominal,R+6C1,ApogeeBoss,6.0,0.0,-224.0,116.3938,0,0,-1,0,1,0,0,0,0,1
405,APO,flatNominal,R+6C2,Fiducial,6.0,1.0,-201.6,116.3938,0,0,-1,0,1,0,0,0,0,1
406,APO,flatNominal,R+6C3,ApogeeBoss,6.0,2.0,-179.2,116.3938,0,0,-1,0,1,0,0,0,0,1
407,APO,flatNominal,R+6C4,Boss,6.0,3.0,-156.8,116.3938,0,0,-1,0,1,0,0,0,0,1
408,APO,flatNominal,R+6C5,ApogeeBoss,6.0,4.0,-134.4,116.3938,0,0,-1,0,1,0,0,0,0,1
409,APO,flatNominal,R+6C6,Boss,6.0,5.0,-112.0,116.3938,0,0,-1,0,1,0,0,0,0,1
410,APO,flatNominal,R+6C7,ApogeeBoss,6.0,6.0,-89.6,116.3938,0,0,-1,0,1,0,0,0,0,1
411,APO,flatNominal,R+6C8,Fiducial,6.0,7.0,-67.2,116.3938,0,0,-1,0,1,0,0,0,0,1
412,APO,flatNominal,R+6C9,Boss,6.0,8.0,-44.8,116.3938,0,0,-1,0,1,0,0,0,0,1
413,APO,flatNominal,R+6C10,Boss,6.0,9.0,-22.4,116.3938,0,0,-1,0,1,0,0,0,0,1
414,APO,flatNominal,R+6C11,Boss,6.0,10.0,0.0,116.3938,0,0,-1,0,1,0,0,0,0,1
415,APO,flatNominal,R+6C12,Boss,6.0,11.0,22.4,116.3938,0,0,-1,0,1,0,0,0,0,1
416,APO,flatNominal,R+6C13,Boss,6.0,12.0,44.8,116.3938,0,0,-1,0,1,0,0,0,0,1
417,APO,flatNominal,R+6C14,Fiducial,6.0,13.0,67.2,116.3938,0,0,-1,0,1,0,0,0,0,1
418,APO,flatNominal,R+6C15,ApogeeBoss,6.0,14.0,89.6,116.3938,0,0,-1,0,1,0,0,0,0,1
419,APO,flatNominal,R+6C16,Boss,6.0,15.0,112.0,116.3938,0,0,-1,0,1,0,0,0,0,1
420,APO,flatNominal,R+6C17,ApogeeBoss,6.0,16.0,134.4,116.3938,0,0,-1,0,1,0,0,0,0,1
421,APO,flatNominal,R+6C18,Boss,6.0,17.0,156.8,116.3938,0,0,-1,0,1,0,0,0,0,1
422,APO,flatNominal,R+6C19,ApogeeBoss,6.0,18.0,179.2,116.3938,0,0,-1,0,1,0,0,0,0,1
423,APO,flatNominal,R+6C20,Fiducial,6.0,19.0,201.6,116.3938,0,0,-1,0,1,0,0,0,0,1
424,APO,flatNominal,R+6C21,ApogeeBoss,6.0,20.0,224.0,116.3938,0,0,-1,0,1,0,0,0,0,1
425,APO,flatNominal,R+5C1,ApogeeBoss,5.0,0.0,-235.2,96.9948,0,0,-1,0,1,0,0,0,0,1
426,APO,flatNominal,R+5C2,Boss,5.0,1.0,-212.8,96.9948,0,0,-1,0,1,0,0,0,0,1
427,APO,flatNominal,R+5C3,ApogeeBoss,5.0,2.0,-190.4,96.9948,0,0,-1,0,1,0,0,0,0,1
428,APO,flatNominal,R+5C4,Boss,5.0,3.0,-168.0,96.9948,0,0,-1,0,1,0,0,0,0,1
429,APO,flatNominal,R+5C5,ApogeeBoss,5.0,4.0,-145.6,96.9948,0,0,-1,0,1,0,0,0,0,1
430,APO,flatNominal,R+5C6,Boss,5.0,5.0,-123.2,96.9948,0,0,-1,0,1,0,0,0,0,1
431,APO,flatNominal,R+5C7,ApogeeBoss,5.0,6.0,-100.8,96.9948,0,0,-1,0,1,0,0,0,0,1
432,APO,flatNominal,R+5C8,Boss,5.0,7.0,-78.4,96.9948,0,0,-1,0,1,0,0,0,0,1
433,APO,flatNominal,R+5C9,ApogeeBoss,5.0,8.0,-56.0,96.9948,0,0,-1,0,1,0,0,0,0,1
434,APO,flatNominal,R+5C10,ApogeeBoss,5.0,9.0,-33.6,96.9948,0,0,-1,0,1,0,0,0,0,1
435,APO,flatNominal,R+5C11,ApogeeBoss,5.0,10.0,-11.2,96.9948,0,0,-1,0,1,0,0,0,0,1
436,APO,flatNominal,R+5C12,ApogeeBoss,5.0,11.0,11.2,96.9948,0,0,-1,0,1,0,0,0,0,1
437,APO,flatNominal,R+5C13,ApogeeBoss,5.0,12.0,33.6,96.9948,0,0,-1,0,1,0,0,0,0,1
438,APO,flatNominal,R+5C14,ApogeeBoss,5.0,13.0,56.0,96.9948,0,0,-1,0,1,0,0,0,0,1
439,APO,flatNominal,R+5C15,Boss,5.0,14.0,78.4,96.9948,0,0,-1,0,1,0,0,0,0,1
440,APO,flatNominal,R+5C16,ApogeeBoss,5.0,15.0,100.8,96.9948,0,0,-1,0,1,0,0,0,0,1
441,APO,flatNominal,R+5C17,Boss,5.0,16.0,123.2,96.9948,0,0,-1,0,1,0,0,0,0,1
442,APO,flatNominal,R+5C18,ApogeeBoss,5.0,17.0,145.6,96.9948,0,0,-1,0,1,0,0,0,0,1
443,APO,flatNominal,R+5C19,Boss,5.0,18.0,168.0,96.9948,0,0,-1,0,1,0,0,0,0,1
444,APO,flatNominal,R+5C20,ApogeeBoss,5.0,19.0,190.4,96.9948,0,0,-1,0,1,0,0,0,0,1
445,APO,flatNominal,R+5C21,Boss,5.0,20.0,212.8,96.9948,0,0,-1,0,1,0,0,0,0,1
446,APO,flatNominal,R+5C22,ApogeeBoss,5.0,21.0,235.2,96.9948,0,0,-1,0,1,0,0,0,0,1
447,APO,flatNominal,R+4C1,ApogeeBoss,4.0,0.0,-246.4,77.5959,0,0,-1,0,1,0,0,0,0,1
448,APO,flatNominal,R+4C2,Boss,4.0,1.0,-224.0,77.5959,0,0,-1,0,1,0,0,0,0,1
449,APO,flatNominal,R+4C3,ApogeeBoss,4.0,2.0,-201.6,77.5959,0,0,-1,0,1,0,0,0,0,1
450,APO,flatNominal,R+4C4,Boss,4.0,3.0,-179.2,77.5959,0,0,-1,0,1,0,0,0,0,1
451,APO,flatNominal,R+4C5,ApogeeBoss,4.0,4.0,-156.8,77.5959,0,0,-1,0,1,0,0,0,0,1
452,APO,flatNominal,R+4C6,Fiducial,4.0,5.0,-134.4,77.5959,0,0,-1,0,1,0,0,0,0,1
453,APO,flatNominal,R+4C7,ApogeeBoss,4.0,6.0,-112.0,77.5959,0,0,-1,0,1,0,0,0,0,1
454,APO,flatNominal,R+4C8,Boss,4.0,7.0,-89.6,77.5959,0,0,-1,0,1,0,0,0,0,1
455,APO,flatNominal,R+4C9,ApogeeBoss,4.0,8.0,-67.2,77.5959,0,0,-1,0,1,0,0,0,0,1
456,APO,flatNominal,R+4C10,Boss,4.0,9.0,-44.8,77.5959,0,0,-1,0,1,0,0,0,0,1
457,APO,flatNominal,R+4C11,Boss,4.0,10.0,-22.4,77.5959,0,0,-1,0,1,0,0,0,0,1
458,APO,flatNominal,R+4C12,Boss,4.0,11.0,0.0,77.5959,0,0,-1,0,1,0,0,0,0,1
459,APO,flatNominal,R+4C13,Boss,4.0,12.0,22.4,77.5959,0,0,-1,0,1,0,0,0,0,1
460,APO,flatNominal,R+4C14,Boss,4.0,13.0,44.8,77.5959,0,0,-1,0,1,0,0,0,0,1
461,APO,flatNominal,R+4C15,ApogeeBoss,4.0,14.0,67.2,77.5959,0,0,-1,0,1,0,0,0,0,1
462,APO,flatNominal,R+4C16,Boss,4.0,15.0,89.6,77.5959,0,0,-1,0,1,0,0,0,0,1
463,APO,flatNominal,R+4C17,ApogeeBoss,4.0,16.0,112.0,77.5959,0,0,-1,0,1,0,0,0,0,1
464,APO,flatNominal,R+4C18,Fiducial,4.0,17.0,134.4,77.5959,0,0,-1,0,1,0,0,0,0,1
465,APO,flatNominal,R+4C19,ApogeeBoss,4.0,18.0,156.8,77.5959,0,0,-1,0,1,0,0,0,0,1
466,APO,flatNominal,R+4C20,Boss,4.0,19.0,179.2,77.5959,0,0,-1,0,1,0,0,0,0,1
467,APO,flatNominal,R+4C21,ApogeeBoss,4.0,20.0,201.6,77.5959,0,0,-1,0,1,0,0,0,0,1
468,APO,flatNominal,R+4C22,Boss,4.0,21.0,224.0,77.5959,0,0,-1,0,1,0,0,0,0,1
469,APO,flatNominal,R+4C23,ApogeeBoss,4.0,22.0,246.4,77.5959,0,0,-1,0,1,0,0,0,0,1
470,APO,flatNominal,R+3C1,ApogeeBoss,3.0,0.0,-257.6,58.1969,0,0,-1,0,1,0,0,0,0,1
471,APO,flatNominal,R+3C2,Boss,3.0,1.0,-235.2,58.1969,0,0,-1,0,1,0,0,0,0,1
472,APO,flatNominal,R+3C3,ApogeeBoss,3.0,2.0,-212.8,58.1969,0,0,-1,0,1,0,0,0,0,1
473,APO,flatNominal,R+3C4,Fiducial,3.0,3.0,-190.4,58.1969,0,0,-1,0,1,0,0,0,0,1
474,APO,flatNominal,R+3C5,ApogeeBoss,3.0,4.0,-168.0,58.1969,0,0,-1,0,1,0,0,0,0,1
475,APO,flatNominal,R+3C6,Boss,3.0,5.0,-145.6,58.1969,0,0,-1,0,1,0,0,0,0,1
476,APO,flatNominal,R+3C7,ApogeeBoss,3.0,6.0,-123.2,58.1969,0,0,-1,0,1,0,0,0,0,1
477,APO,flatNominal,R+3C8,Boss,3.0,7.0,-100.8,58.1969,0,0,-1,0,1,0,0,0,0,1
478,APO,flatNominal,R+3C9,ApogeeBoss,3.0,8.0,-78.4,58.1969,0,0,-1,0,1,0,0,0,0,1
479,APO,flatNominal,R+3C10,Boss,3.0,9.0,-56.0,58.1969,0,0,-1,0,1,0,0,0,0,1
480,APO,flatNominal,R+3C11,ApogeeBoss,3.0,10.0,-33.6,58.1969,0,0,-1,0,1,0,0,0,0,1
481,APO,flatNominal,R+3C12,ApogeeBoss,3.0,11.0,-11.2,58.1969,0,0,-1,0,1,0,0,0,0,1
482,APO,flatNominal,R+3C13,ApogeeBoss,3.0,12.0,11.2,58.1969,0,0,-1,0,1,0,0,0,0,1
483,APO,flatNominal,R+3C14,ApogeeBoss,3.0,13.0,33.6,58.1969,0,0,-1,0,1,0,0,0,0,1
484,APO,flatNominal,R+3C15,Boss,3.0,14.0,56.0,58.1969,0,0,-1,0,1,0,0,0,0,1
485,APO,flatNominal,R+3C16,ApogeeBoss,3.0,15.0,78.4,58.1969,0,0,-1,0,1,0,0,0,0,1
486,APO,flatNominal,R+3C17,Boss,3.0,16.0,100.8,58.1969,0,0,-1,0,1,0,0,0,0,1
487,APO,flatNominal,R+3C18,ApogeeBoss,3.0,17.0,123.2,58.1969,0,0,-1,0,1,0,0,0,0,1
488,APO,flatNominal,R+3C19,Boss,3.0,18.0,145.6,58.1969,0,0,-1,0,1,0,0,0,0,1
489,APO,flatNominal,R+3C20,ApogeeBoss,3.0,19.0,168.0,58.1969,0,0,-1,0,1,0,0,0,0,1
490,APO,flatNominal,R+3C21,Fiducial,3.0,20.0,190.4,58.1969,0,0,-1,0,1,0,0,0,0,1
491,APO,flatNominal,R+3C22,ApogeeBoss,3.0,21.0,212.8,58.1969,0,0,-1,0,1,0,0,0,0,1
492,APO,flatNominal,R+3C23,Boss,3.0,22.0,235.2,58.1969,0,0,-1,0,1,0,0,0,0,1
493,APO,flatNominal,R+3C24,ApogeeBoss,3.0,23.0,257.6,58.1969,0,0,-1,0,1,0,0,0,0,1
494,APO,flatNominal,R+2C1,ApogeeBoss,2.0,0.0,-268.8,38.7979,0,0,-1,0,1,0,0,0,0,1
495,APO,flatNominal,R+2C2,Boss,2.0,1.0,-246.4,38.7979,0,0,-1,0,1,0,0,0,0,1
496,APO,flatNominal,R+2C3,ApogeeBoss,2.0,2.0,-224.0,38.7979,0,0,-1,0,1,0,0,0,0,1
497,APO,flatNominal,R+2C4,Boss,2.0,3.0,-201.6,38.7979,0,0,-1,0,1,0,0,0,0,1
498,APO,flatNominal,R+2C5,ApogeeBoss,2.0,4.0,-179.2,38.7979,0,0,-1,0,1,0,0,0,0,1
499,APO,flatNominal,R+2C6,Boss,2.0,5.0,-156.8,38.7979,0,0,-1,0,1,0,0,0,0,1
500,APO,flatNominal,R+2C7,ApogeeBoss,2.0,6.0,-134.4,38.7979,0,0,-1,0,1,0,0,0,0,1
501,APO,flatNominal,R+2C8,Boss,2.0,7.0,-112.0,38.7979,0,0,-1,0,1,0,0,0,0,1
502,APO,flatNominal,R+2C9,ApogeeBoss,2.0,8.0,-89.6,38.7979,0,0,-1,0,1,0,0,0,0,1
503,APO,flatNominal,R+2C11,ApogeeBoss,2.0,10.0,-44.8,38.7979,0,0,-1,0,1,0,0,0,0,1
504,APO,flatNominal,R+2C12,Fiducial,2.0,11.0,-22.4,38.7979,0,0,-1,0,1,0,0,0,0,1
505,APO,flatNominal,R+2C13,Boss,2.0,12.0,0.0,38.7979,0,0,-1,0,1,0,0,0,0,1
506,APO,flatNominal,R+2C14,Fiducial,2.0,13.0,22.4,38.7979,0,0,-1,0,1,0,0,0,0,1
507,APO,flatNominal,R+2C15,ApogeeBoss,2.0,14.0,44.8,38.7979,0,0,-1,0,1,0,0,0,0,1
508,APO,flatNominal,R+2C17,ApogeeBoss,2.0,16.0,89.6,38.7979,0,0,-1,0,1,0,0,0,0,1
509,APO,flatNominal,R+2C18,Boss,2.0,17.0,112.0,38.7979,0,0,-1,0,1,0,0,0,0,1
510,APO,flatNominal,R+2C19,ApogeeBoss,2.0,18.0,134.4,38.7979,0,0,-1,0,1,0,0,0,0,1
511,APO,flatNominal,R+2C20,Boss,2.0,19.0,156.8,38.7979,0,0,-1,0,1,0,0,0,0,1
512,APO,flatNominal,R+2C21,ApogeeBoss,2.0,20.0,179.2,38.7979,0,0,-1,0,1,0,0,0,0,1
513,APO,flatNominal,R+2C22,Boss,2.0,21.0,201.6,38.7979,0,0,-1,0,1,0,0,0,0,1
514,APO,flatNominal,R+2C23,ApogeeBoss,2.0,22.0,224.0,38.7979,0,0,-1,0,1,0,0,0,0,1
515,APO,flatNominal,R+2C24,Boss,2.0,23.0,246.4,38.7979,0,0,-1,0,1,0,0,0,0,1
516,APO,flatNominal,R+2C25,ApogeeBoss,2.0,24.0,268.8,38.7979,0,0,-1,0,1,0,0,0,0,1
517,APO,flatNominal,R+1C1,ApogeeBoss,1.0,0.0,-280.0,19.399,0,0,-1,0,1,0,0,0,0,1
518,APO,flatNominal,R+1C2,Boss,1.0,1.0,-257.6,19.399,0,0,-1,0,1,0,0,0,0,1
519,APO,flatNominal,R+1C3,ApogeeBoss,1.0,2.0,-235.2,19.399,0,0,-1,0,1,0,0,0,0,1
520,APO,flatNominal,R+1C4,Boss,1.0,3.0,-212.8,19.399,0,0,-1,0,1,0,0,0,0,1
521,APO,flatNominal,R+1C5,ApogeeBoss,1.0,4.0,-190.4,19.399,0,0,-1,0,1,0,0,0,0,1
522,APO,flatNominal,R+1C6,Boss,1.0,5.0,-168.0,19.399,0,0,-1,0,1,0,0,0,0,1
523,APO,flatNominal,R+1C7,ApogeeBoss,1.0,6.0,-145.6,19.399,0,0,-1,0,1,0,0,0,0,1
524,APO,flatNominal,R+1C8,Boss,1.0,7.0,-123.2,19.399,0,0,-1,0,1,0,0,0,0,1
525,APO,flatNominal,R+1C9,ApogeeBoss,1.0,8.0,-100.8,19.399,0,0,-1,0,1,0,0,0,0,1
526,APO,flatNominal,R+1C10,Boss,1.0,9.0,-78.4,19.399,0,0,-1,0,1,0,0,0,0,1
527,APO,flatNominal,R+1C11,ApogeeBoss,1.0,10.0,-56.0,19.399,0,0,-1,0,1,0,0,0,0,1
528,APO,flatNominal,R+1C12,Boss,1.0,11.0,-33.6,19.399,0,0,-1,0,1,0,0,0,0,1
529,APO,flatNominal,R+1C13,ApogeeBoss,1.0,12.0,-11.2,19.399,0,0,-1,0,1,0,0,0,0,1
530,APO,flatNominal,R+1C14,ApogeeBoss,1.0,13.0,11.2,19.399,0,0,-1,0,1,0,0,0,0,1
531,APO,flatNominal,R+1C15,Boss,1.0,14.0,33.6,19.399,0,0,-1,0,1,0,0,0,0,1
532,APO,flatNominal,R+1C16,ApogeeBoss,1.0,15.0,56.0,19.399,0,0,-1,0,1,0,0,0,0,1
533,APO,flatNominal,R+1C17,Boss,1.0,16.0,78.4,19.399,0,0,-1,0,1,0,0,0,0,1
534,APO,flatNominal,R+1C18,ApogeeBoss,1.0,17.0,100.8,19.399,0,0,-1,0,1,0,0,0,0,1
535,APO,flatNominal,R+1C19,Boss,1.0,18.0,123.2,19.399,0,0,-1,0,1,0,0,0,0,1
536,APO,flatNominal,R+1C20,ApogeeBoss,1.0,19.0,145.6,19.399,0,0,-1,0,1,0,0,0,0,1
537,APO,flatNominal,R+1C21,Boss,1.0,20.0,168.0,19.399,0,0,-1,0,1,0,0,0,0,1
538,APO,flatNominal,R+1C22,ApogeeBoss,1.0,21.0,190.4,19.399,0,0,-1,0,1,0,0,0,0,1
539,APO,flatNominal,R+1C23,Boss,1.0,22.0,212.8,19.399,0,0,-1,0,1,0,0,0,0,1
540,APO,flatNominal,R+1C24,ApogeeBoss,1.0,23.0,235.2,19.399,0,0,-1,0,1,0,0,0,0,1
541,APO,flatNominal,R+1C25,Boss,1.0,24.0,257.6,19.399,0,0,-1,0,1,0,0,0,0,1
542,APO,flatNominal,R+1C26,ApogeeBoss,1.0,25.0,280.0,19.399,0,0,-1,0,1,0,0,0,0,1
543,APO,flatNominal,F1,Fiducial,,,-324.0,0.0,0,0,-1,0,1,0,0,0,0,1
544,APO,flatNominal,F2,Fiducial,,,-312.96,83.8574,0,0,-1,0,1,0,0,0,0,1
545,APO,flatNominal,F3,Fiducial,,,-229.1026,229.1026,0,0,-1,0,1,0,0,0,0,1
546,APO,flatNominal,F4,Fiducial,,,-162.0,280.5922,0,0,-1,0,1,0,0,0,0,1
547,APO,flatNominal,F5,Fiducial,,,-83.8574,312.96,0,0,-1,0,1,0,0,0,0,1
548,APO,flatNominal,F6,Fiducial,,,83.8574,312.96,0,0,-1,0,1,0,0,0,0,1
549,APO,flatNominal,F7,Fiducial,,,162.0,280.5922,0,0,-1,0,1,0,0,0,0,1
550,APO,flatNominal,F8,Fiducial,,,229.1026,229.1026,0,0,-1,0,1,0,0,0,0,1
551,APO,flatNominal,F9,Fiducial,,,312.96,83.8574,0,0,-1,0,1,0,0,0,0,1
552,APO,flatNominal,F10,Fiducial,,,324.0,0.0,0,0,-1,0,1,0,0,0,0,1
553,APO,flatNominal,F11,Fiducial,,,312.96,-83.8574,0,0,-1,0,1,0,0,0,0,1
554,APO,flatNominal,F12,Fiducial,,,229.1026,-229.1026,0,0,-1,0,1,0,0,0,0,1
555,APO,flatNominal,F13,Fiducial,,,162.0,-280.5922,0,0,-1,0,1,0,0,0,0,1
556,APO,flatNominal,F14,Fiducial,,,83.8574,-312.96,0,0,-1,0,1,0,0,0,0,1
557,APO,flatNominal,F15,Fiducial,,,-83.8574,-312.96,0,0,-1,0,1,0,0,0,0,1
558,APO,flatNominal,F16,Fiducial,,,-162.0,-280.5922,0,0,-1,0,1,0,0,0,0,1
559,APO,flatNominal,F17,Fiducial,,,-229.1026,-229.1026,0,0,-1,0,1,0,0,0,0,1
560,APO,flatNominal,F18,Fiducial,,,-312.96,-83.8574,0,0,-1,0,1,0,0,0,0,1
