,site,holeID,Sextant,CAN,Device,deviceID,ofaID,Row,Column,apogeeST,bossST,metST,BOSSFiber,APOGEETrib,MTPFiber,LongLinkMTP,APOGEEFiber,Comments,positionerID
0,LCO,R+3C6,1,1,Positioner,P0553,142,R+3,C6,10A,10A,10A,39,,,,,,553
1,LCO,R+3C5,1,1,Positioner,P0602,167,R+3,C5,10B,10B,10B,40,C701650004,D6,5,148,,602
2,LCO,R+4C5,1,1,Positioner,P1021,10792,R+4,C5,10C,10C,10C,41,C701650004,E1,5,127,,1021
3,LCO,R+5C5,1,1,Positioner,P0881,247,R+5,C5,10D,10D,10D,42,C701650004,E2,5,128,,881
4,LCO,R+3C7,1,1,Positioner,P1315,11242,R+3,C7,10E,10E,10E,43,C701650004,E3,5,125,,1315
5,LCO,R+2C5,1,1,Positioner,P0224,10628,R+2,C5,11A,11A,11A,34,C701650004,D5,5,140,,224
6,LCO,R+2C4,1,1,Positioner,P1278,10896,R+2,C4,11B,11B,11B,35,,,,,,1278
7,LCO,R+4C4,1,1,Positioner,P0656,194,R+4,C4,11C,11C,11C,36,,,,,,656
8,LCO,R+5C4,1,1,Positioner,P0051,10744,R+5,C4,11D,11D,11D,37,,,,,,51
9,LCO,R+6C4,1,1,Positioner,P1259,10755,R+6,C4,11E,11E,11E,38,,,,,,1259
10,LCO,R+1C10,1,1,Positioner,P0391,415,R+1,C10,12A,12A,12A,30,,,,,,391
11,LCO,R+4C6,1,1,Fiducial,FTO-201477,201477,R+4,C6,19AA,19AA,19AA,,,,,,,0
12,LCO,R+3C4,1,1,Fiducial,FTO-201164,201164,R+3,C4,19BA,19BA,19BA,,,,,,,0
13,LCO,R+7C4,1,1,Fiducial,FTO-201166,201166,R+7,C4,19CA,19CA,19CA,,,,,,,0
14,LCO,R+6C5,1,1,Positioner,P0530,10635,R+6,C5,8A,8A,8A,49,C701650004,E6,5,150,,530
15,LCO,R+5C6,1,1,Positioner,P0163,11149,R+5,C6,8B,8B,8B,50,,,,,,163
16,LCO,R+4C7,1,1,Positioner,P0977,10923,R+4,C7,8C,8C,8C,51,C11141009,A1,4,95,,977
17,LCO,R+3C8,1,1,Positioner,P0998,10749,R+3,C8,8D,8D,8D,52,,,,,,998
18,LCO,R+2C9,1,1,Positioner,P1273,10875,R+2,C9,8E,8E,8E,53,C11141009,A2,4,109,,1273
19,LCO,R+2C8,1,1,Positioner,P0701,296,R+2,C8,9A,9A,9A,44,,,,,,701
20,LCO,R+1C9,1,1,Positioner,P1188,11023,R+1,C9,9B,9B,9B,45,C701650004,E4,5,147,,1188
21,LCO,R+1C8,1,1,Positioner,P0745,325,R+1,C8,9C,9C,9C,46,,,,,,745
22,LCO,R+2C7,1,1,Positioner,P0718,10980,R+2,C7,9D,9D,9D,47,C701650004,E5,5,146,,718
23,LCO,R+2C6,1,1,Positioner,P0939,336,R+2,C6,9E,9E,9E,48,,,,,,939
24,LCO,R+1C11,1,2,Positioner,P1055,10554,R+1,C11,12B,12B,12B,31,C701650004,D3,5,134,,1055
25,LCO,R+3C9,1,2,Positioner,P0713,425,R+3,C9,12D,12D,12D,32,C701650004,D4,5,121,broken BOSS tributary fiber,713
26,LCO,R+4C8,1,2,Positioner,P0952,107,R+4,C8,12E,12E,12E,33,,,,,,952
27,LCO,R+8C3,1,2,Positioner,P0685,10958,R+8,C3,13A,13A,13A,25,C701650004,C4,5,137,,685
28,LCO,R+7C3,1,2,Positioner,P0499,185,R+7,C3,13B,13B,13B,26,C701650004,C5,5,123,,499
29,LCO,R+6C3,1,2,Positioner,P0121,11198,R+6,C3,13C,13C,13C,27,C701650004,C6,5,126,,121
30,LCO,R+5C3,1,2,Positioner,P0253,10816,R+5,C3,13D,13D,13D,28,C701650004,D1,5,130,,253
31,LCO,R+4C3,1,2,Positioner,P1322,11251,R+4,C3,13E,13E,13E,29,C701650004,D2,5,149,,1322
32,LCO,R+1C6,1,2,Positioner,P1035,10588,R+1,C6,14A,14A,14A,20,,,,,,1035
33,LCO,R+1C7,1,2,Positioner,P0933,10793,R+1,C7,14B,14B,14B,21,C701650004,C2,5,138,,933
34,LCO,R+3C3,1,2,Positioner,P0767,10843,R+3,C3,6A,6A,6A,59,C11141009,A6,4,107,,767
35,LCO,R+2C3,1,2,Positioner,P1389,11091,R+2,C3,6B,6B,6B,60,C11141009,B1,4,116,,1389
36,LCO,R+1C3,1,2,Positioner,P1220,253,R+1,C3,6C,6C,6C,61,C11141009,B2,4,104,,1220
37,LCO,R+1C4,1,2,Positioner,P0388,10606,R+1,C4,6D,6D,6D,62,,,,,,388
38,LCO,R+1C5,1,2,Positioner,P1293,441,R+1,C5,6E,6E,6E,63,C11141009,B3,4,110,,1293
39,LCO,R+5C7,1,2,Positioner,P0465,52,R+5,C7,7A,7A,7A,54,C11141009,A3,4,108,,465
40,LCO,R+6C6,1,2,Positioner,P0526,98,R+6,C6,7B,7B,7B,55,,,,,,526
41,LCO,R+7C5,1,2,Positioner,P0633,491,R+7,C5,7C,7C,7C,56,C11141009,A4,4,117,,633
42,LCO,R+8C4,1,2,Positioner,P0549,93,R+8,C4,7D,7D,7D,57,,,,,,549
43,LCO,R+9C3,1,2,Positioner,P0643,84,R+9,C3,7E,7E,7E,58,C11141009,A5,4,99,,643
44,LCO,R+1C12,1,3,Positioner,P0004,10881,R+1,C12,14C,14C,14C,22,,,,,,4
45,LCO,R+2C11,1,3,Positioner,P0085,10736,R+2,C11,14D,14D,14D,23,C701650004,C3,5,142,,85
46,LCO,R+3C10,1,3,Positioner,P0024,11289,R+3,C10,14E,14E,14E,24,,,,,,24
47,LCO,R+9C4,1,3,Positioner,P0584,225,R+9,C4,15A,15A,15A,15,,,,,,584
48,LCO,R+10C3,1,3,Positioner,P0616,323,R+10,C3,15B,15B,15B,16,C701650004,C1,5,136,,616
49,LCO,R+11C2,1,3,Positioner,P1074,10603,R+11,C2,15C,15C,15C,17,,,,,,1074
50,LCO,R+10C2,1,3,Positioner,P0230,446,R+10,C2,15D,15D,15D,18,,,,,,230
51,LCO,R+9C2,1,3,Positioner,P0836,10919,R+9,C2,15E,15E,15E,19,,,,,,836
52,LCO,R+2C2,1,3,Positioner,P0700,10750,R+2,C2,16A,16A,16A,10,,,,,,700
53,LCO,R+1C2,1,3,Positioner,P0625,223,R+1,C2,16B,16B,16B,11,,,,,,625
54,LCO,R+1C1,1,3,Positioner,P1199,10734,R+1,C1,16C,16C,16C,12,C701650004,B4,5,141,,1199
55,LCO,R+6C2,1,3,Fiducial,FTO-201073,201073,R+6,C2,19DA,19DA,19DA,,,,,,,0
56,LCO,R+8C2,1,3,Positioner,P0686,213,R+8,C2,4A,4A,4A,69,,,,,,686
57,LCO,R+7C2,1,3,Positioner,P1029,10967,R+7,C2,4B,4B,4B,70,,,,,,1029
58,LCO,R+5C2,1,3,Positioner,P0168,11017,R+5,C2,4C,4C,4C,71,,,,,,168
59,LCO,R+4C2,1,3,Positioner,P0931,314,R+4,C2,4D,4D,4D,72,,,,,,931
60,LCO,R+3C2,1,3,Positioner,P0006,11117,R+3,C2,4E,4E,4E,73,,,,,,6
61,LCO,R+4C9,1,3,Positioner,P0536,214,R+4,C9,5A,5A,5A,64,C11141009,B4,4,118,,536
62,LCO,R+5C8,1,3,Positioner,P1320,11116,R+5,C8,5B,5B,5B,65,,,,,,1320
63,LCO,R+6C7,1,3,Positioner,P1394,158,R+6,C7,5C,5C,5C,66,C11141009,B5,4,100,,1394
64,LCO,R+7C6,1,3,Positioner,P0788,403,R+7,C6,5D,5D,5D,67,,,,,,788
65,LCO,R+8C5,1,3,Positioner,P0618,146,R+8,C5,5E,5E,5E,68,C11141009,B6,4,92,,618
66,LCO,R+1C13,1,4,Positioner,P1307,10912,R+1,C13,16D,16D,16D,13,C701650004,B5,5,131,,1307
67,LCO,R+3C11,1,4,Positioner,P1366,10976,R+3,C11,16E,16E,16E,14,C701650004,B6,5,124,,1366
68,LCO,R+11C3,1,4,Positioner,P0401,115,R+11,C3,17A,17A,17A,5,C701650004,A5,5,133,,401
69,LCO,R+12C2,1,4,Positioner,P0438,145,R+12,C2,17B,17B,17B,6,C701650004,A6,5,132,,438
70,LCO,R+13C1,1,4,Positioner,P0569,147,R+13,C1,17C,17C,17C,7,C701650004,B1,5,135,,569
71,LCO,R+12C1,1,4,Positioner,P0183,11105,R+12,C1,17D,17D,17D,8,C701650004,B2,5,129,,183
72,LCO,R+11C1,1,4,Positioner,P0591,10972,R+11,C1,17E,17E,17E,9,C701650004,B3,5,139,,591
73,LCO,R+5C1,1,4,Positioner,P1214,10964,R+5,C1,18A,18A,18A,1,C701650004,A1,5,122,,1214
74,LCO,R+4C1,1,4,Positioner,P0883,328,R+4,C1,18B,18B,18B,2,C701650004,A2,5,144,,883
75,LCO,R+3C1,1,4,Positioner,P0213,10619,R+3,C1,18C,18C,18C,3,C701650004,A3,5,143,,213
76,LCO,R+2C1,1,4,Positioner,P0525,10717,R+2,C1,18D,18D,18D,4,C701650004,A4,5,145,,525
77,LCO,R+2C12,1,4,Fiducial,FTO-201076,201076,R+2,C12,19EA,19EA,19EA,,,,,,,0
78,LCO,R+6C8,1,4,Fiducial,FTO-201074,201074,R+6,C8,1AA,1AA,1AA,,,,,,,0
79,LCO,R+10C4,1,4,Fiducial,FTO-201063,201063,R+10,C4,1BA,1BA,1BA,,,,,,,0
80,LCO,R+10C1,1,4,Positioner,P1157,10602,R+10,C1,2A,2A,2A,79,C11141009,C4,4,115,,1157
81,LCO,R+9C1,1,4,Positioner,P0974,10835,R+9,C1,2B,2B,2B,78,C11141009,C5,4,120,,974
82,LCO,R+8C1,1,4,Positioner,P1015,10657,R+8,C1,2C,2C,2C,81,C11141009,C6,4,94,broken BOSS tributary fiber,1015
83,LCO,R+7C1,1,4,Positioner,P0946,11031,R+7,C1,2D,2D,2D,82,C11141009,D1,4,97,,946
84,LCO,R+6C1,1,4,Positioner,P1343,10952,R+6,C1,2E,2E,2E,83,C11141009,D2,4,119,,1343
85,LCO,R+4C10,1,4,Positioner,P0306,11020,R+4,C10,3A,3A,3A,74,,,,,,306
86,LCO,R+5C9,1,4,Positioner,P0911,42,R+5,C9,3B,3B,3B,75,C11141009,C1,4,101,,911
87,LCO,R+7C7,1,4,Positioner,P1138,10695,R+7,C7,3C,3C,3C,76,C11141009,C2,4,102,,1138
88,LCO,R+8C6,1,4,Positioner,P0249,10698,R+8,C6,3D,3D,3D,77,,,,,,249
89,LCO,R+9C5,1,4,Positioner,P0696,203,R+9,C5,3E,3E,3E,80,C11141009,C3,4,112,,696
90,LCO,R+8C9,2,1,Positioner,P1164,311,R+8,C9,10A,10A,10A,123,,,,,,1164
91,LCO,R+9C8,2,1,Positioner,P0512,511,R+9,C8,10B,10B,10B,124,C11141016,C2,1,2,,512
92,LCO,R+9C9,2,1,Positioner,P0798,10666,R+9,C9,10C,10C,10C,125,C11141016,C3,1,9,,798
93,LCO,R+9C10,2,1,Positioner,P1061,10986,R+9,C10,10D,10D,10D,126,C11141016,C4,1,10,,1061
94,LCO,R+7C10,2,1,Positioner,P0482,395,R+7,C10,10E,10E,10E,127,C11141016,C5,1,30,,482
95,LCO,R+9C7,2,1,Positioner,P0229,10725,R+9,C7,11A,11A,11A,118,C11141016,C1,1,29,,229
96,LCO,R+10C6,2,1,Positioner,P0405,377,R+10,C6,11B,11B,11B,119,,,,,,405
97,LCO,R+10C8,2,1,Positioner,P0454,10752,R+10,C8,11C,11C,11C,120,,,,,,454
98,LCO,R+10C9,2,1,Positioner,P0945,10662,R+10,C9,11D,11D,11D,121,,,,,,945
99,LCO,R+10C10,2,1,Positioner,P0041,423,R+10,C10,11E,11E,11E,122,,,,,,41
100,LCO,R+4C11,2,1,Positioner,P0953,10557,R+4,C11,12A,12A,12A,113,,,,,,953
101,LCO,R+8C10,2,1,Fiducial,FTO-201478,201478,R+8,C10,19AA,19AA,19AA,,,,,,,0
102,LCO,R+10C7,2,1,Fiducial,FTO-201476,201476,R+10,C7,19BA,19BA,19BA,,,,,,,0
103,LCO,R+10C11,2,1,Fiducial,FTO-201484,201484,R+10,C11,19CA,19CA,19CA,,,,,,,0
104,LCO,R+9C11,2,1,Positioner,P1038,330,R+9,C11,8A,8A,8A,133,C11141016,D2,1,28,,1038
105,LCO,R+8C11,2,1,Positioner,P1204,445,R+8,C11,8B,8B,8B,134,,,,,,1204
106,LCO,R+7C11,2,1,Positioner,P1352,539,R+7,C11,8C,8C,8C,135,C11141016,D3,1,19,,1352
107,LCO,R+6C11,2,1,Positioner,P0768,241,R+6,C11,8D,8D,8D,136,,,,,,768
108,LCO,R+5C11,2,1,Positioner,P0653,126,R+5,C11,8E,8E,8E,137,C11141016,D4,1,20,,653
109,LCO,R+6C10,2,1,Positioner,P1305,10672,R+6,C10,9A,9A,9A,128,,,,,,1305
110,LCO,R+5C10,2,1,Positioner,P1390,11339,R+5,C10,9B,9B,9B,129,C11141016,C6,1,7,,1390
111,LCO,R+6C9,2,1,Positioner,P0826,363,R+6,C9,9C,9C,9C,130,,,,,,826
112,LCO,R+7C9,2,1,Positioner,P1269,11019,R+7,C9,9D,9D,9D,131,C11141016,D1,1,23,,1269
113,LCO,R+8C8,2,1,Positioner,P1147,11565,R+8,C8,9E,9E,9E,132,,,,,,1147
114,LCO,R+3C12,2,2,Positioner,P0773,544,R+3,C12,12B,12B,12B,114,C11141016,B5,1,14,broken APOGEE tributary fiber,773
115,LCO,R+4C12,2,2,Positioner,P1327,227,R+4,C12,12C,12C,12C,115,,,,,,1327
116,LCO,R+5C12,2,2,Positioner,P0727,509,R+5,C12,12D,12D,12D,116,C11141016,B6,1,8,,727
117,LCO,R+6C12,2,2,Positioner,P0679,490,R+6,C12,12E,12E,12E,117,,,,,,679
118,LCO,R+11C11,2,2,Positioner,P1045,188,R+11,C11,13A,13A,13A,108,C11141016,A6,1,1,,1045
119,LCO,R+11C10,2,2,Positioner,P0750,171,R+11,C10,13B,13B,13B,109,C11141016,B1,1,18,,750
120,LCO,R+11C9,2,2,Positioner,P0462,392,R+11,C9,13C,13C,13C,110,C11141016,B2,1,21,,462
121,LCO,R+11C8,2,2,Positioner,P0294,10700,R+11,C8,13D,13D,13D,111,C11141016,B3,1,15,,294
122,LCO,R+11C7,2,2,Positioner,P0893,374,R+11,C7,13E,13E,13E,112,C11141016,B4,1,16,,893
123,LCO,R+8C7,2,2,Positioner,P0855,530,R+8,C7,14A,14A,14A,103,,,,,,855
124,LCO,R+7C8,2,2,Positioner,P0182,197,R+7,C8,14B,14B,14B,104,C11141016,A4,1,27,,182
125,LCO,R+11C6,2,2,Positioner,P0890,424,R+11,C6,6A,6A,6A,143,C11141016,E2,1,4,,890
126,LCO,R+11C5,2,2,Positioner,P0461,10570,R+11,C5,6B,6B,6B,144,C11141016,E3,1,22,,461
127,LCO,R+11C4,2,2,Positioner,P1282,10832,R+11,C4,6C,6C,6C,145,C11141016,E4,1,26,,1282
128,LCO,R+10C5,2,2,Positioner,P0374,10614,R+10,C5,6D,6D,6D,146,,,,,,374
129,LCO,R+9C6,2,2,Positioner,P0670,10618,R+9,C6,6E,6E,6E,147,C11141016,E5,1,17,,670
130,LCO,R+7C12,2,2,Positioner,P0728,10765,R+7,C12,7A,7A,7A,138,C11141016,D5,1,6,,728
131,LCO,R+8C12,2,2,Positioner,P1001,540,R+8,C12,7B,7B,7B,139,,,,,,1001
132,LCO,R+9C12,2,2,Positioner,P0863,10860,R+9,C12,7C,7C,7C,140,C11141016,D6,1,25,,863
133,LCO,R+10C12,2,2,Positioner,P0817,11564,R+10,C12,7D,7D,7D,141,,,,,,817
134,LCO,R+11C12,2,2,Positioner,P0736,504,R+11,C12,7E,7E,7E,142,C11141016,E1,1,11,,736
135,LCO,R+2C13,2,3,Positioner,P1310,11308,R+2,C13,14C,14C,14C,105,,,,,,1310
136,LCO,R+3C13,2,3,Positioner,P1059,10877,R+3,C13,14D,14D,14D,106,C11141016,A5,1,5,,1059
137,LCO,R+4C13,2,3,Positioner,P0557,10729,R+4,C13,14E,14E,14E,107,,,,,,557
138,LCO,R+10C13,2,3,Positioner,P0494,11094,R+10,C13,15A,15A,15A,98,,,,,,494
139,LCO,R+11C13,2,3,Positioner,P1297,352,R+11,C13,15B,15B,15B,99,C11141016,A3,1,12,,1297
140,LCO,R+12C13,2,3,Positioner,P0708,10694,R+12,C13,15C,15C,15C,100,,,,,,708
141,LCO,R+12C12,2,3,Positioner,P1286,281,R+12,C12,15D,15D,15D,101,,,,,,1286
142,LCO,R+12C11,2,3,Positioner,P0926,10601,R+12,C11,15E,15E,15E,102,,,,,,926
143,LCO,R+12C4,2,3,Positioner,P0585,11574,R+12,C4,16A,16A,16A,93,,,,,,585
144,LCO,R+12C3,2,3,Positioner,P1361,11150,R+12,C3,16B,16B,16B,94,,,,,,1361
145,LCO,R+13C2,2,3,Positioner,P1141,11536,R+13,C2,16C,16C,16C,95,C11141009,E6,4,113,,1141
146,LCO,R+12C8,2,3,Fiducial,FTO-201062,201062,R+12,C8,19DA,19DA,19DA,,,,,,,0
147,LCO,R+12C10,2,3,Positioner,P0982,267,R+12,C10,4A,4A,4A,153,,,,,,982
148,LCO,R+12C9,2,3,Positioner,P1007,360,R+12,C9,4B,4B,4B,154,,,,,,1007
149,LCO,R+12C7,2,3,Positioner,P0521,10677,R+12,C7,4C,4C,4C,155,,,,,,521
150,LCO,R+12C6,2,3,Positioner,P0861,73,R+12,C6,4D,4D,4D,156,,,,,,861
151,LCO,R+12C5,2,3,Positioner,P1002,140,R+12,C5,4E,4E,4E,157,,,,,,1002
152,LCO,R+5C13,2,3,Positioner,P0785,10955,R+5,C13,5A,5A,5A,148,C11141016,E6,1,3,,785
153,LCO,R+6C13,2,3,Positioner,P0342,127,R+6,C13,5B,5B,5B,149,,,,,,342
154,LCO,R+7C13,2,3,Positioner,P1089,11306,R+7,C13,5C,5C,5C,150,C201650001,A1,2,48,,1089
155,LCO,R+8C13,2,3,Positioner,P0509,335,R+8,C13,5D,5D,5D,151,,,,,,509
156,LCO,R+9C13,2,3,Positioner,P0578,10794,R+9,C13,5E,5E,5E,152,C201650001,A2,2,55,,578
157,LCO,R+1C14,2,4,Positioner,P0520,11215,R+1,C14,16D,16D,16D,96,C11141016,A1,1,13,,232
158,LCO,R+3C14,2,4,Positioner,P1067,11513,R+3,C14,16E,16E,16E,97,C11141016,A2,1,24,,1294
159,LCO,R+11C14,2,4,Positioner,P0590,11533,R+11,C14,17A,17A,17A,88,C11141009,E1,4,96,,517
160,LCO,R+12C14,2,4,Positioner,P1050,10797,R+12,C14,17B,17B,17B,89,C11141009,E2,4,91,,408
161,LCO,R+13C14,2,4,Positioner,P0038,11451,R+13,C14,17C,17C,17C,90,C11141009,E3,4,98,,442
162,LCO,R+13C13,2,4,Positioner,P1073,11518,R+13,C13,17D,17D,17D,91,C11141009,E4,4,103,,1073
163,LCO,R+13C12,2,4,Positioner,P0442,11033,R+13,C12,17E,17E,17E,92,C11141009,E5,4,93,,38
164,LCO,R+13C6,2,4,Positioner,P0960,11153,R+13,C6,18A,18A,18A,84,C11141009,D3,4,105,,1234
165,LCO,R+13C5,2,4,Positioner,P1236,11166,R+13,C5,18B,18B,18B,85,C11141009,D4,4,111,,116
166,LCO,R+13C4,2,4,Positioner,P1294,11485,R+13,C4,18C,18C,18C,86,C11141009,D5,4,114,,1067
167,LCO,R+13C3,2,4,Positioner,P0232,11532,R+13,C3,18D,18D,18D,87,C11141009,D6,4,106,,520
168,LCO,R+2C14,2,4,Fiducial,FTO-201078,nan,R+2,C14,19EA,19EA,19EA,,,,,,,0
169,LCO,R+6C14,2,4,Fiducial,FTO-201715,nan,R+6,C14,1AA,1AA,1AA,,,,,,,0
170,LCO,R+10C14,2,4,Fiducial,FTO-201410,nan,R+10,C14,1BA,1BA,1BA,,,,,,,0
171,LCO,R+13C11,2,4,Positioner,P0408,11499,R+13,C11,2A,2A,2A,163,C201650001,A6,2,53,,1050
172,LCO,R+13C10,2,4,Positioner,P0517,11468,R+13,C10,2B,2B,2B,164,C201650001,B1,2,50,,590
173,LCO,R+13C9,2,4,Positioner,P0538,11012,R+13,C9,2C,2C,2C,165,C201650001,B2,2,56,,139
174,LCO,R+13C8,2,4,Positioner,P1165,11537,R+13,C8,2D,2D,2D,166,C201650001,B3,2,37,,822
175,LCO,R+13C7,2,4,Positioner,P1223,11552,R+13,C7,2E,2E,2E,167,C201650001,B4,2,46,,659
176,LCO,R+4C14,2,4,Positioner,P0116,11055,R+4,C14,3A,3A,3A,158,,,,,,1236
177,LCO,R+5C14,2,4,Positioner,P1234,11540,R+5,C14,3B,3B,3B,159,C201650001,A3,2,41,,960
178,LCO,R+7C14,2,4,Positioner,P0659,11060,R+7,C14,3C,3C,3C,160,C201650001,A4,2,43,,1223
179,LCO,R+8C14,2,4,Positioner,P0822,11497,R+8,C14,3D,3D,3D,161,,,,,,1165
180,LCO,R+9C14,2,4,Positioner,P0139,10587,R+9,C14,3E,3E,3E,162,C201650001,A5,2,39,,538
181,LCO,R+5C17,3,1,Positioner,P0562,11410,R+5,C17,10A,10A,10A,206,,,,,,562
182,LCO,R+6C17,3,1,Positioner,P1313,11543,R+6,C17,10B,10B,10B,207,C11141001,A3,3,71,,1313
183,LCO,R+5C18,3,1,Positioner,P1224,11514,R+5,C18,10C,10C,10C,208,C11141001,A4,3,70,,1224
184,LCO,R+4C19,3,1,Positioner,P0576,11509,R+4,C19,10D,10D,10D,209,C11141001,A5,3,90,,576
185,LCO,R+4C17,3,1,Positioner,P1102,11265,R+4,C17,10E,10E,10E,210,C11141001,A6,3,83,,1102
186,LCO,R+7C16,3,1,Positioner,P1299,11220,R+7,C16,11A,11A,11A,201,C11141001,A2,3,66,,1299
187,LCO,R+8C16,3,1,Positioner,P1005,11181,R+8,C16,11B,11B,11B,202,,,,,,1005
188,LCO,R+6C18,3,1,Positioner,P0560,11092,R+6,C18,11C,11C,11C,203,,,,,,560
189,LCO,R+5C19,3,1,Positioner,P1171,11535,R+5,C19,11D,11D,11D,204,,,,,,1171
190,LCO,R+4C20,3,1,Positioner,P0980,11365,R+4,C20,11E,11E,11E,205,,,,,,980
191,LCO,R+3C15,3,1,Positioner,P0426,11504,R+3,C15,12A,12A,12A,197,,,,,,426
192,LCO,R+4C18,3,1,Fiducial,FTO-201528,201528,R+4,C18,19AA,19AA,19AA,,,,,,,0
193,LCO,R+7C17,3,1,Fiducial,FTO-201409,201409,R+7,C17,19BA,19BA,19BA,,,,,,,0
194,LCO,R+3C21,3,1,Fiducial,FTO-201150,201150,R+3,C21,19CA,19CA,19CA,,,,,,,0
195,LCO,R+3C20,3,1,Positioner,P0234,11350,R+3,C20,8A,8A,8A,216,C11141001,B3,3,62,,234
196,LCO,R+3C19,3,1,Positioner,P1180,11522,R+3,C19,8B,8B,8B,217,,,,,,1180
197,LCO,R+3C18,3,1,Positioner,P0583,10571,R+3,C18,8C,8C,8C,218,C11141001,B4,3,87,,583
198,LCO,R+3C17,3,1,Positioner,P0609,11544,R+3,C17,8D,8D,8D,219,,,,,,609
199,LCO,R+3C16,3,1,Positioner,P0873,11510,R+3,C16,8E,8E,8E,220,C11141001,B5,3,63,broken BOSS tributary fiber,873
200,LCO,R+4C16,3,1,Positioner,P0923,11173,R+4,C16,9A,9A,9A,211,,,,,,923
201,LCO,R+4C15,3,1,Positioner,P0558,11311,R+4,C15,9B,9B,9B,212,C11141001,B1,3,65,,558
202,LCO,R+5C15,3,1,Positioner,P0783,11534,R+5,C15,9C,9C,9C,213,,,,,,783
203,LCO,R+5C16,3,1,Positioner,P0915,11500,R+5,C16,9D,9D,9D,214,C11141001,B2,3,79,,915
204,LCO,R+6C16,3,1,Positioner,P0152,10878,R+6,C16,9E,9E,9E,215,,,,,,152
205,LCO,R+2C15,3,2,Positioner,P1154,10932,R+2,C15,12B,12B,12B,198,C201650001,E6,2,54,,1154
206,LCO,R+2C17,3,2,Positioner,P0274,11516,R+2,C17,12D,12D,12D,199,C11141001,A1,3,61,,274
207,LCO,R+2C18,3,2,Positioner,P0884,11435,R+2,C18,12E,12E,12E,200,,,,,,884
208,LCO,R+3C22,3,2,Positioner,P0427,10563,R+3,C22,13A,13A,13A,192,C201650001,E1,2,31,,427
209,LCO,R+4C21,3,2,Positioner,P1284,10891,R+4,C21,13B,13B,13B,193,C201650001,E2,2,33,,1284
210,LCO,R+5C20,3,2,Positioner,P0601,10740,R+5,C20,13C,13C,13C,194,C201650001,E3,2,45,,601
211,LCO,R+6C19,3,2,Positioner,P0862,11383,R+6,C19,13D,13D,13D,195,C201650001,E4,2,34,,862
212,LCO,R+7C18,3,2,Positioner,P0917,191,R+7,C18,13E,13E,13E,196,C201650001,E5,2,40,,917
213,LCO,R+7C15,3,2,Positioner,P0504,10632,R+7,C15,14A,14A,14A,187,,,,,,504
214,LCO,R+6C15,3,2,Positioner,P1024,393,R+6,C15,14B,14B,14B,188,C201650001,D5,2,36,,1024
215,LCO,R+8C17,3,2,Positioner,P1230,11529,R+8,C17,6A,6A,6A,226,C11141001,C3,3,81,,1230
216,LCO,R+9C16,3,2,Positioner,P0845,11520,R+9,C16,6B,6B,6B,227,C11141001,C4,3,88,,845
217,LCO,R+10C15,3,2,Positioner,P1047,11572,R+10,C15,6C,6C,6C,228,C11141001,C5,3,68,,1047
218,LCO,R+9C15,3,2,Positioner,P0480,380,R+9,C15,6D,6D,6D,229,,,,,,480
219,LCO,R+8C15,3,2,Positioner,P0754,251,R+8,C15,6E,6E,6E,230,C11141001,C6,3,78,,754
220,LCO,R+2C19,3,2,Positioner,P1128,407,R+2,C19,7A,7A,7A,221,C11141001,B6,3,72,,1128
221,LCO,R+2C20,3,2,Positioner,P0231,340,R+2,C20,7B,7B,7B,222,,,,,broken BOSS tributary fiber,231
222,LCO,R+2C21,3,2,Positioner,P0634,11077,R+2,C21,7C,7C,7C,223,C11141001,C1,3,80,,634
223,LCO,R+2C22,3,2,Positioner,P1090,11400,R+2,C22,7D,7D,7D,224,,,,,,1090
224,LCO,R+2C23,3,2,Positioner,P0470,11523,R+2,C23,7E,7E,7E,225,C11141001,C2,3,82,,470
225,LCO,R+1C15,3,3,Positioner,P0434,11427,R+1,C15,14C,14C,14C,189,,,,,,434
226,LCO,R+1C16,3,3,Positioner,P1031,11314,R+1,C16,14D,14D,14D,190,C201650001,D6,2,51,,1031
227,LCO,R+1C17,3,3,Positioner,P1219,10552,R+1,C17,14E,14E,14E,191,,,,,,1219
228,LCO,R+1C23,3,3,Positioner,P0909,10608,R+1,C23,15A,15A,15A,182,,,,,,909
229,LCO,R+1C24,3,3,Positioner,P0813,339,R+1,C24,15B,15B,15B,183,C201650001,D4,2,59,,813
230,LCO,R+1C25,3,3,Positioner,P0542,11370,R+1,C25,15C,15C,15C,184,,,,,,542
231,LCO,R+2C24,3,3,Positioner,P0834,11389,R+2,C24,15D,15D,15D,185,,,,,,834
232,LCO,R+3C23,3,3,Positioner,P0850,11542,R+3,C23,15E,15E,15E,186,,,,,,850
233,LCO,R+10C16,3,3,Positioner,P0810,10604,R+10,C16,16A,16A,16A,177,,,,,,810
234,LCO,R+11C15,3,3,Positioner,P0947,11342,R+11,C15,16B,16B,16B,178,,,,,,947
235,LCO,R+12C15,3,3,Positioner,P0662,11330,R+12,C15,16C,16C,16C,179,C201650001,D1,2,44,,662
236,LCO,R+6C20,3,3,Fiducial,FTO-201172,201172,R+6,C20,19DA,19DA,19DA,,,,,,,0
237,LCO,R+4C22,3,3,Positioner,P0777,11459,R+4,C22,4A,4A,4A,236,,,,,,777
238,LCO,R+5C21,3,3,Positioner,P1399,11352,R+5,C21,4B,4B,4B,237,,,,,,1399
239,LCO,R+7C19,3,3,Positioner,P0453,11334,R+7,C19,4C,4C,4C,238,,,,,,453
240,LCO,R+8C18,3,3,Positioner,P1027,11598,R+8,C18,4D,4D,4D,239,,,,,,1027
241,LCO,R+9C17,3,3,Positioner,P1079,11082,R+9,C17,4E,4E,4E,240,,,,,,1079
242,LCO,R+1C18,3,3,Positioner,P0491,10615,R+1,C18,5A,5A,5A,231,C11141001,D1,3,69,,491
243,LCO,R+1C19,3,3,Positioner,P0949,10782,R+1,C19,5B,5B,5B,232,,,,,,949
244,LCO,R+1C20,3,3,Positioner,P0570,11563,R+1,C20,5C,5C,5C,233,C11141001,D2,3,85,,570
245,LCO,R+1C21,3,3,Positioner,P0853,11560,R+1,C21,5D,5D,5D,234,,,,,,853
246,LCO,R+1C22,3,3,Positioner,P0502,10582,R+1,C22,5E,5E,5E,235,C11141001,D3,3,86,,502
247,LCO,R0C15,3,4,Positioner,P1133,309,R0,C15,16D,16D,16D,180,C201650001,D2,2,32,,1133
248,LCO,R0C17,3,4,Positioner,P1218,259,R0,C17,16E,16E,16E,181,C201650001,D3,2,47,,1218
249,LCO,R0C25,3,4,Positioner,P1239,359,R0,C25,17A,17A,17A,172,C201650001,C3,2,35,,1239
250,LCO,R0C26,3,4,Positioner,P1008,10925,R0,C26,17B,17B,17B,173,C201650001,C4,2,38,,1008
251,LCO,R0C27,3,4,Positioner,P0731,10981,R0,C27,17C,17C,18E,174,,,,,"APOGEE to 18E, swap with FPICalib1",731
252,LCO,,3,4,Calibration,FPICalib1,,,,,,17C,,C11141001,D4,3,75,Swap with P0731 robotail APOGEE,0
253,LCO,R+1C26,3,4,Positioner,P0111,11375,R+1,C26,17D,17D,17D,175,C201650001,C5,2,42,,111
254,LCO,R+2C25,3,4,Positioner,P0513,11424,R+2,C25,17E,17E,17E,176,C201650001,C6,2,57,,513
255,LCO,R+8C19,3,4,Positioner,P0937,11321,R+8,C19,18A,18A,18A,168,C201650001,B5,2,60,,937
256,LCO,R+9C18,3,4,Positioner,P1298,11432,R+9,C18,18B,18B,18B,169,C201650001,B6,2,52,,1298
257,LCO,R+10C17,3,4,Positioner,P0579,10974,R+10,C17,18C,18C,18C,170,C201650001,C1,2,49,,579
258,LCO,R+11C16,3,4,Positioner,P1233,11088,R+11,C16,18D,18D,18D,171,C201650001,C2,2,58,,1233
259,LCO,R0C16,3,4,Fiducial,FTO-201413,201413,R0,C16,19EA,19EA,19EA,,,,,,,0
260,LCO,R0C20,3,4,Fiducial,FTO-201774,201774,R0,C20,1AA,1AA,1AA,,,,,,,0
261,LCO,R0C24,3,4,Fiducial,FTO-201170,201170,R0,C24,1BA,1BA,1BA,,,,,,,0
262,LCO,R+3C24,3,4,Positioner,P1283,11405,R+3,C24,2A,2A,2A,246,C11141001,E1,3,84,,1283
263,LCO,R+4C23,3,4,Positioner,P0193,11404,R+4,C23,2B,2B,2B,247,C11141001,E2,3,77,,193
264,LCO,R+5C22,3,4,Positioner,P0876,308,R+5,C22,2C,2C,2C,248,C11141001,E3,3,74,,876
265,LCO,R+6C21,3,4,Positioner,P1088,264,R+6,C21,2D,2D,2D,249,C11141001,E4,3,67,,1088
266,LCO,R+7C20,3,4,Positioner,P0801,11378,R+7,C20,2E,2E,2E,250,C11141001,E5,3,76,,801
267,LCO,R0C18,3,4,Positioner,P1191,11319,R0,C18,3A,3A,3A,241,,,,,,1191
268,LCO,R0C19,3,4,Positioner,P0629,11320,R0,C19,3B,3B,3B,242,C11141001,E6,3,64,,629
269,LCO,R0C21,3,4,Positioner,P0968,11580,R0,C21,3C,3C,3C,243,C11141001,D5,3,73,,968
270,LCO,R0C22,3,4,Positioner,P0879,10774,R0,C22,3D,3D,3D,244,,,,,,879
271,LCO,R0C23,3,4,Positioner,P0527,11374,R0,C23,3E,3E,3E,245,C11141001,D6,3,89,,527
272,LCO,R-3C19,4,1,Positioner,P0958,10583,R-3,C19,10A,10A,10A,289,,,,,broken BOSS tributary fiber,958
273,LCO,R-3C20,4,1,Positioner,P0844,361,R-3,C20,10B,10B,10B,290,C11141008,A4,8,226,,844
274,LCO,R-4C19,4,1,Positioner,P1124,11058,R-4,C19,10C,10C,10C,291,C11141008,A5,8,223,,1124
275,LCO,R-5C18,4,1,Positioner,P0151,11448,R-5,C18,10D,10D,10D,292,C11141008,A6,8,220,,151
276,LCO,R-3C18,4,1,Positioner,P0929,481,R-3,C18,10E,10E,10E,293,C11141008,B1,8,224,,929
277,LCO,R-2C21,4,1,Positioner,P1209,10978,R-2,C21,11A,11A,11A,284,C11141008,B2,8,228,,1209
278,LCO,R-2C22,4,1,Positioner,P1082,10846,R-2,C22,11B,11B,11B,285,,,,,,1082
279,LCO,R-4C20,4,1,Positioner,P0722,10981,R-4,C20,11C,11C,11C,286,,,,,,722
280,LCO,R-5C19,4,1,Positioner,P0803,11437,R-5,C19,11D,11D,11D,287,,,,,,803
281,LCO,R-6C18,4,1,Positioner,P0759,10675,R-6,C18,11E,11E,11E,288,,,,,,759
282,LCO,R-1C17,4,1,Positioner,P0173,11591,R-1,C17,12A,12A,12A,280,,,,,,173
283,LCO,R-4C18,4,1,Fiducial,FTO-201779,201779,R-4,C18,19AA,19AA,19AA,,,,,,,0
284,LCO,R-3C21,4,1,Fiducial,FTO-201146,201146,R-3,C21,19BA,19BA,19BA,,,,,,,0
285,LCO,R-7C17,4,1,Fiducial,FTO-201704,201704,R-7,C17,19CA,19CA,19CA,,,,,,,0
286,LCO,R-6C17,4,1,Positioner,P1084,346,R-6,C17,8A,8A,8A,299,C201650006,E5,7,205,,1084
287,LCO,R-5C17,4,1,Positioner,P1072,10646,R-5,C17,8B,8B,8B,300,,,,,,1072
288,LCO,R-4C17,4,1,Positioner,P1134,10853,R-4,C17,8C,8C,8C,301,C201650006,E6,7,201,,1134
289,LCO,R-3C17,4,1,Positioner,P0892,472,R-3,C17,8D,8D,8D,302,,,,,,892
290,LCO,R-2C17,4,1,Positioner,P1216,11078,R-2,C17,8E,8E,8E,303,C11141008,A1,8,238,,1216
291,LCO,R-2C18,4,1,Positioner,P0642,10598,R-2,C18,9A,9A,9A,294,,,,,,642
292,LCO,R-1C18,4,1,Positioner,P0821,10600,R-1,C18,9B,9B,9B,295,C11141008,A2,8,217,,821
293,LCO,R-1C19,4,1,Positioner,P0955,10641,R-1,C19,9C,9C,9C,296,,,,,,955
294,LCO,R-2C19,4,1,Positioner,P0651,527,R-2,C19,9D,9D,9D,297,C11141008,E6,8,212,,651
295,LCO,R-2C20,4,1,Positioner,P0992,10553,R-2,C20,9E,9E,9E,298,,,,,,992
296,LCO,R-1C16,4,2,Positioner,P0823,485,R-1,C16,12B,12B,12B,281,C11141008,B3,8,231,,823
297,LCO,R-3C16,4,2,Positioner,P0636,10626,R-3,C16,12D,12D,12D,282,C11141008,B4,8,235,,636
298,LCO,R-4C16,4,2,Positioner,P0702,10899,R-4,C16,12E,12E,12E,283,,,,,,702
299,LCO,R-8C17,4,2,Positioner,P1173,342,R-8,C17,13A,13A,13A,275,C11141008,B5,8,230,,1173
300,LCO,R-7C18,4,2,Positioner,P0133,10640,R-7,C18,13B,13B,13B,276,C11141008,B6,8,234,,133
301,LCO,R-6C19,4,2,Positioner,P0156,10684,R-6,C19,13C,13C,13C,277,C11141008,C1,8,229,,156
302,LCO,R-5C20,4,2,Positioner,P0586,320,R-5,C20,13D,13D,13D,278,C11141008,C2,8,233,,586
303,LCO,R-4C21,4,2,Positioner,P0050,133,R-4,C21,13E,13E,13E,279,C11141008,C3,8,232,,50
304,LCO,R-1C21,4,2,Positioner,P0303,421,R-1,C21,14A,14A,14A,270,,,,,,303
305,LCO,R-1C20,4,2,Positioner,P0061,148,R-1,C20,14B,14B,14B,271,C11141008,C4,8,227,,61
306,LCO,R-1C15,4,2,Positioner,P0472,10674,R-1,C15,14C,14C,14C,272,,,,,,472
307,LCO,R-3C22,4,2,Positioner,P1377,10809,R-3,C22,6A,6A,6A,309,C201650006,D4,7,209,,1377
308,LCO,R-2C23,4,2,Positioner,P0105,442,R-2,C23,6B,6B,6B,310,C201650006,D5,7,197,,105
309,LCO,R-1C24,4,2,Positioner,P0406,10764,R-1,C24,6C,6C,6C,311,C201650006,D6,7,210,,406
310,LCO,R-1C23,4,2,Positioner,P0978,11328,R-1,C23,6D,6D,6D,312,,,,,,978
311,LCO,R-1C22,4,2,Positioner,P0593,10649,R-1,C22,6E,6E,6E,313,C201650006,E1,7,196,,593
312,LCO,R-5C16,4,2,Positioner,P1139,10690,R-5,C16,7A,7A,7A,304,C201650006,E2,7,202,,1139
313,LCO,R-6C16,4,2,Positioner,P1122,10585,R-6,C16,7B,7B,7B,305,,,,,,1122
314,LCO,R-7C16,4,2,Positioner,P0628,10889,R-7,C16,7C,7C,7C,306,C201650006,E3,7,186,,628
315,LCO,R-8C16,4,2,Positioner,P1120,526,R-8,C16,7D,7D,7D,307,,,,,,1120
316,LCO,R-9C16,4,2,Positioner,P1033,10656,R-9,C16,7E,7E,7E,308,C201650006,E4,7,193,,1033
317,LCO,R-2C15,4,3,Positioner,P0749,96,R-2,C15,14D,14D,14D,273,C11141008,C5,8,219,,749
318,LCO,R-3C15,4,3,Positioner,P0280,87,R-3,C15,14E,14E,14E,274,,,,,,280
319,LCO,R-9C15,4,3,Positioner,P0755,10562,R-9,C15,15A,15A,15A,265,,,,,,755
320,LCO,R-10C15,4,3,Positioner,P0529,11434,R-10,C15,15B,15B,15B,266,C11141008,C6,8,237,,529
321,LCO,R-11C15,4,3,Positioner,P0794,11452,R-11,C15,15C,15C,15C,267,,,,,,794
322,LCO,R-10C16,4,3,Positioner,P0449,10670,R-10,C16,15D,15D,15D,268,,,,,,449
323,LCO,R-9C17,4,3,Positioner,P1250,10669,R-9,C17,15E,15E,15E,269,,,,,,1250
324,LCO,R-2C24,4,3,Positioner,P0400,11528,R-2,C24,16A,16A,16A,260,,,,,,400
325,LCO,R-1C25,4,3,Positioner,P0015,10998,R-1,C25,16B,16B,16B,261,,,,,,15
326,LCO,R-1C26,4,3,Positioner,P0092,10869,R-1,C26,16C,16C,16C,262,C11141008,D1,8,240,,92
327,LCO,R-6C20,4,3,Fiducial,FTO-201703,201703,R-6,C20,19DA,19DA,19DA,,,,,,,0
328,LCO,R-8C18,4,3,Positioner,P1052,11464,R-8,C18,4A,4A,4A,319,,,,,,1052
329,LCO,R-7C19,4,3,Positioner,P0176,11524,R-7,C19,4B,4B,4B,320,,,,,,176
330,LCO,R-5C21,4,3,Positioner,P1337,10660,R-5,C21,4C,4C,4C,321,,,,,,1337
331,LCO,R-4C22,4,3,Positioner,P0652,10748,R-4,C22,4D,4D,4D,322,,,,,,652
332,LCO,R-3C23,4,3,Positioner,P0878,10617,R-3,C23,4E,4E,4E,323,,,,,,878
333,LCO,R-4C15,4,3,Positioner,P0244,164,R-4,C15,5A,5A,5A,314,C201650006,D1,7,191,,244
334,LCO,R-5C15,4,3,Positioner,P0519,269,R-5,C15,5B,5B,5B,315,,,,,,519
335,LCO,R-6C15,4,3,Positioner,P0407,11406,R-6,C15,5C,5C,5C,316,C201650006,D2,7,183,,407
336,LCO,R-7C15,4,3,Positioner,P0720,11549,R-7,C15,5D,5D,5D,317,,,,,,720
337,LCO,R-8C15,4,3,Positioner,P0711,11295,R-8,C15,5E,5E,5E,318,C201650006,D3,7,203,,711
338,LCO,R-1C14,4,4,Positioner,P0479,11441,R-1,C14,16D,16D,16D,263,C11141008,D2,8,214,,479
339,LCO,R-3C14,4,4,Positioner,P0970,11469,R-3,C14,16E,16E,16E,264,C11141008,D3,8,215,,970
340,LCO,R-11C14,4,4,Positioner,P0073,11599,R-11,C14,17A,17A,17A,255,C11141008,D4,8,239,,73
341,LCO,R-12C14,4,4,Positioner,P1117,10555,R-12,C14,17B,17B,17B,256,C11141008,D5,8,213,,1117
342,LCO,R-13C14,4,4,Positioner,P1119,11392,R-13,C14,17C,17C,18E,257,,,,,"APOGEE to 18E, swap with FPICalib2",1119
343,LCO,,4,4,Calibration,FPICalib2,,,,,,17C,,C11141008,A3,8,225,Swap with P1119 robotail APOGEE,0
344,LCO,R-12C15,4,4,Positioner,P0141,11318,R-12,C15,17D,17D,17D,258,C11141008,D6,8,236,,141
345,LCO,R-11C16,4,4,Positioner,P0034,11317,R-11,C16,17E,17E,17E,259,C11141008,E1,8,218,,34
346,LCO,R-5C22,4,4,Positioner,P1279,11067,R-5,C22,18A,18A,18A,251,C11141008,E2,8,211,,1279
347,LCO,R-4C23,4,4,Positioner,P0112,208,R-4,C23,18B,18B,18B,252,C11141008,E3,8,221,,112
348,LCO,R-3C24,4,4,Positioner,P0510,11068,R-3,C24,18C,18C,18C,253,C11141008,E4,8,222,,510
349,LCO,R-2C25,4,4,Positioner,P0226,10814,R-2,C25,18D,18D,18D,254,C11141008,E5,8,216,,226
350,LCO,R-2C14,4,4,Fiducial,FTO-201526,201526,R-2,C14,19EA,19EA,19EA,,,,,,,0
351,LCO,R-6C14,4,4,Fiducial,FTO-201747,201747,R-6,C14,1AA,1AA,1AA,,,,,,,0
352,LCO,R-10C14,4,4,Fiducial,FTO-201778,201778,R-10,C14,1BA,1BA,1BA,,,,,,,0
353,LCO,R-10C17,4,4,Positioner,P0149,10812,R-10,C17,2A,2A,2A,329,C201650006,B5,7,188,,149
354,LCO,R-9C18,4,4,Positioner,P0216,10581,R-9,C18,2B,2B,2B,330,C201650006,B6,7,187,,216
355,LCO,R-8C19,4,4,Positioner,P0729,11074,R-8,C19,2C,2C,2C,331,C201650006,C1,7,185,,729
356,LCO,R-7C20,4,4,Positioner,P0697,11184,R-7,C20,2D,2D,2D,332,C201650006,C2,7,200,,697
357,LCO,R-6C21,4,4,Positioner,P1321,11097,R-6,C21,2E,2E,2E,333,C201650006,C3,7,194,,1321
358,LCO,R-4C14,4,4,Positioner,P0531,10983,R-4,C14,3A,3A,3A,324,,,,,,531
359,LCO,R-5C14,4,4,Positioner,P0888,11050,R-5,C14,3B,3B,3B,325,C201650006,C4,7,195,,888
360,LCO,R-7C14,4,4,Positioner,P0477,11620,R-7,C14,3C,3C,3C,326,C201650006,C5,7,184,,477
361,LCO,R-8C14,4,4,Positioner,P0143,11616,R-8,C14,3D,3D,3D,327,,,,,,143
362,LCO,R-9C14,4,4,Positioner,P0622,11305,R-9,C14,3E,3E,3E,328,C201650006,C6,7,192,,622
363,LCO,R-8C11,5,1,Positioner,P1195,11100,R-8,C11,10A,10A,10A,373,,,,,,1195
364,LCO,R-9C11,5,1,Positioner,P0646,382,R-9,C11,10B,10B,10B,374,C201650007,C2,6,179,,646
365,LCO,R-9C10,5,1,Positioner,P0175,274,R-9,C10,10C,10C,10C,375,C201650007,C3,6,180,,175
366,LCO,R-9C9,5,1,Positioner,P0357,10905,R-9,C9,10D,10D,10D,376,C201650007,C4,6,167,,357
367,LCO,R-7C11,5,1,Positioner,P0113,10790,R-7,C11,10E,10E,10E,377,C201650007,C5,6,151,,113
368,LCO,R-9C12,5,1,Positioner,P0981,334,R-9,C12,11A,11A,11A,368,C201650007,C6,6,152,,981
369,LCO,R-10C12,5,1,Positioner,P0732,11244,R-10,C12,11B,11B,11B,369,,,,,,732
370,LCO,R-10C10,5,1,Positioner,P0928,11089,R-10,C10,11C,11C,11C,370,,,,,,928
371,LCO,R-10C9,5,1,Positioner,P1367,11255,R-10,C9,11D,11D,11D,371,,,,,,1367
372,LCO,R-10C8,5,1,Positioner,P0764,456,R-10,C8,11E,11E,11E,372,,,,,,764
373,LCO,R-4C13,5,1,Positioner,P0522,11064,R-4,C13,12A,12A,12A,363,,,,,,522
374,LCO,R-8C10,5,1,Fiducial,FTO-201079,201079,R-8,C10,19AA,19AA,19AA,,,,,,,0
375,LCO,R-10C11,5,1,Fiducial,FTO-201775,201775,R-10,C11,19BA,19BA,19BA,,,,,,,0
376,LCO,R-10C7,5,1,Fiducial,FTO-201776,201776,R-10,C7,19CA,19CA,19CA,,,,,,,0
377,LCO,R-9C8,5,1,Positioner,P0135,11291,R-9,C8,8A,8A,8A,383,C201650007,B3,6,173,,135
378,LCO,R-8C9,5,1,Positioner,P1311,10988,R-8,C9,8B,8B,8B,384,,,,,,1311
379,LCO,R-7C10,5,1,Positioner,P0500,193,R-7,C10,8C,8C,8C,385,C201650007,B4,6,170,,500
380,LCO,R-6C11,5,1,Positioner,P0738,351,R-6,C11,8D,8D,8D,386,,,,,,738
381,LCO,R-5C12,5,1,Positioner,P0769,11205,R-5,C12,8E,8E,8E,387,C201650007,B5,6,159,,769
382,LCO,R-6C12,5,1,Positioner,P0047,10556,R-6,C12,9A,9A,9A,378,,,,,,47
383,LCO,R-5C13,5,1,Positioner,P0286,270,R-5,C13,9B,9B,9B,379,C201650007,B6,6,155,,286
384,LCO,R-6C13,5,1,Positioner,P0573,10909,R-6,C13,9C,9C,9C,380,,,,,,573
385,LCO,R-7C12,5,1,Positioner,P1244,11134,R-7,C12,9D,9D,9D,381,C201650007,C1,6,161,,1244
386,LCO,R-8C12,5,1,Positioner,P0174,11108,R-8,C12,9E,9E,9E,382,,,,,,174
387,LCO,R-3C13,5,2,Positioner,P1217,537,R-3,C13,12B,12B,12B,364,C201650007,D1,6,174,,1217
388,LCO,R-4C12,5,2,Positioner,P0492,11336,R-4,C12,12C,12C,12C,365,,,,,,492
389,LCO,R-5C11,5,2,Positioner,P0255,11358,R-5,C11,12D,12D,12D,366,C201650007,D2,6,160,,255
390,LCO,R-6C10,5,2,Positioner,P0680,11281,R-6,C10,12E,12E,12E,367,,,,,,680
391,LCO,R-11C6,5,2,Positioner,P0545,10732,R-11,C6,13A,13A,13A,358,C201650007,D3,6,177,,545
392,LCO,R-11C7,5,2,Positioner,P0154,10613,R-11,C7,13B,13B,13B,359,C201650007,D4,6,169,,154
393,LCO,R-11C8,5,2,Positioner,P0725,498,R-11,C8,13C,13C,13C,360,C201650007,D5,6,158,,725
394,LCO,R-11C9,5,2,Positioner,P0161,10668,R-11,C9,13D,13D,13D,361,C201650007,D6,6,168,,161
395,LCO,R-11C10,5,2,Positioner,P1066,10678,R-11,C10,13E,13E,13E,362,C201650007,E1,6,157,,1066
396,LCO,R-8C13,5,2,Positioner,P1221,11069,R-8,C13,14A,14A,14A,353,,,,,,1221
397,LCO,R-7C13,5,2,Positioner,P0239,11433,R-7,C13,14B,14B,14B,354,C201650007,E2,6,163,,239
398,LCO,R-11C11,5,2,Positioner,P1211,131,R-11,C11,6A,6A,6A,393,C201650007,A2,6,156,,1211
399,LCO,R-11C12,5,2,Positioner,P0243,11299,R-11,C12,6B,6B,6B,394,C201650007,A3,6,175,,243
400,LCO,R-11C13,5,2,Positioner,P0137,11592,R-11,C13,6C,6C,6C,395,C201650007,A4,6,166,,137
401,LCO,R-10C13,5,2,Positioner,P0537,11622,R-10,C13,6D,6D,6D,396,,,,,,537
402,LCO,R-9C13,5,2,Positioner,P1160,11604,R-9,C13,6E,6E,6E,397,C201650007,A5,6,172,,1160
403,LCO,R-7C9,5,2,Positioner,P0223,11079,R-7,C9,7A,7A,7A,388,C201650007,A6,6,171,,223
404,LCO,R-8C8,5,2,Positioner,P0976,10868,R-8,C8,7B,7B,7B,389,,,,,,976
405,LCO,R-9C7,5,2,Positioner,P0746,11284,R-9,C7,7C,7C,7C,390,C201650007,B1,6,178,,746
406,LCO,R-10C6,5,2,Positioner,P0740,163,R-10,C6,7D,7D,7D,391,,,,,,740
407,LCO,R-11C5,5,2,Positioner,P0403,396,R-11,C5,7E,7E,7E,392,C201650007,B2,6,153,,403
408,LCO,R-2C13,5,3,Positioner,P1003,11154,R-2,C13,14C,14C,14C,355,,,,,,1003
409,LCO,R-3C12,5,3,Positioner,P0658,11621,R-3,C12,14D,14D,14D,356,C201650007,E3,6,154,,658
410,LCO,R-4C11,5,3,Positioner,P0180,139,R-4,C11,14E,14E,14E,357,,,,,,180
411,LCO,R-10C5,5,3,Positioner,P1065,137,R-10,C5,15A,15A,15A,348,,,,,,1065
412,LCO,R-11C4,5,3,Positioner,P0924,196,R-11,C4,15B,15B,15B,349,C201650007,E4,6,164,,924
413,LCO,R-12C3,5,3,Positioner,P1295,11280,R-12,C3,15C,15C,15C,350,,,,,,1295
414,LCO,R-12C4,5,3,Positioner,P0540,11072,R-12,C4,15D,15D,15D,351,,,,,,540
415,LCO,R-12C5,5,3,Positioner,P1288,11047,R-12,C5,15E,15E,15E,352,,,,,,1288
416,LCO,R-12C12,5,3,Positioner,P1258,11027,R-12,C12,16A,16A,16A,343,,,,,,1258
417,LCO,R-12C13,5,3,Positioner,P0684,11273,R-12,C13,16B,16B,16B,344,,,,,,684
418,LCO,R-13C13,5,3,Positioner,P0568,11259,R-13,C13,16C,16C,16C,345,C201650007,E5,6,176,,568
419,LCO,R-12C8,5,3,Fiducial,FTO-201075,201075,R-12,C8,19DA,19DA,19DA,,,,,,,0
420,LCO,R-12C6,5,3,Positioner,P1062,10783,R-12,C6,4A,4A,4A,403,,,,,,1062
421,LCO,R-12C7,5,3,Positioner,P0815,10865,R-12,C7,4B,4B,4B,404,,,,,,815
422,LCO,R-12C9,5,3,Positioner,P1110,10834,R-12,C9,4C,4C,4C,405,,,,,,1110
423,LCO,R-12C10,5,3,Positioner,P0539,398,R-12,C10,4D,4D,4D,406,,,,,,539
424,LCO,R-12C11,5,3,Positioner,P1197,10954,R-12,C11,4E,4E,4E,407,,,,,,1197
425,LCO,R-5C10,5,3,Positioner,P0596,10667,R-5,C10,5A,5A,5A,398,C11141018,E5,10,289,,596
426,LCO,R-6C9,5,3,Positioner,P0867,249,R-6,C9,5B,5B,5B,399,,,,,,867
427,LCO,R-7C8,5,3,Positioner,P1181,11581,R-7,C8,5C,5C,5C,400,C11141018,E6,10,288,,1181
428,LCO,R-8C7,5,3,Positioner,P0812,11609,R-8,C7,5D,5D,5D,401,,,,,,812
429,LCO,R-9C6,5,3,Positioner,P0101,10984,R-9,C6,5E,5E,5E,402,C201650007,A1,6,165,,101
430,LCO,R-1C13,5,4,Positioner,P0511,11135,R-1,C13,16D,16D,16D,346,C201650007,E6,6,162,,511
431,LCO,R-3C11,5,4,Positioner,P1360,11256,R-3,C11,16E,16E,16E,347,C201650006,A1,7,208,,1360
432,LCO,R-11C3,5,4,Positioner,P1022,10688,R-11,C3,17A,17A,17A,338,C201650006,A2,7,206,,1022
433,LCO,R-12C2,5,4,Positioner,P1196,11298,R-12,C2,17B,17B,17B,339,C201650006,A3,7,204,,1196
434,LCO,R-13C1,5,4,Positioner,P0811,11137,R-13,C1,17C,17C,17C,340,C201650006,A4,7,199,,811
435,LCO,R-13C2,5,4,Positioner,P0541,10719,R-13,C2,17D,17D,17D,341,C201650006,A5,7,190,,541
436,LCO,R-13C3,5,4,Positioner,P1385,10922,R-13,C3,17E,17E,17E,342,C201650006,A6,7,198,,1385
437,LCO,R-13C9,5,4,Positioner,P0829,11084,R-13,C9,18A,18A,18A,334,C201650006,B1,7,207,,829
438,LCO,R-13C10,5,4,Positioner,P1245,11136,R-13,C10,18B,18B,18B,335,C201650006,B2,7,181,,1245
439,LCO,R-13C11,5,4,Positioner,P1077,11202,R-13,C11,18C,18C,18C,336,C201650006,B3,7,189,,1077
440,LCO,R-13C12,5,4,Positioner,P0987,11075,R-13,C12,18D,18D,18D,337,C201650006,B4,7,182,,987
441,LCO,R-2C12,5,4,Fiducial,FTO-201523,201523,R-2,C12,19EA,19EA,19EA,,,,,,,0
442,LCO,R-6C8,5,4,Fiducial,FTO-201745,201745,R-6,C8,1AA,1AA,1AA,,,,,,,0
443,LCO,R-10C4,5,4,Fiducial,FTO-201077,201077,R-10,C4,1BA,1BA,1BA,,,,,,,0
444,LCO,R-13C4,5,4,Positioner,P0770,10822,R-13,C4,2A,2A,2A,413,C11141018,D3,10,279,,770
445,LCO,R-13C5,5,4,Positioner,P0771,173,R-13,C5,2B,2B,2B,414,C11141018,D4,10,283,,771
446,LCO,R-13C6,5,4,Positioner,P1076,479,R-13,C6,2C,2C,2C,415,C11141018,D5,10,274,,1076
447,LCO,R-13C7,5,4,Positioner,P1161,10971,R-13,C7,2D,2D,2D,416,C11141018,D6,10,299,,1161
448,LCO,R-13C8,5,4,Positioner,P0458,104,R-13,C8,2E,2E,2E,417,C11141018,E1,10,273,,458
449,LCO,R-4C10,5,4,Positioner,P0445,11605,R-4,C10,3A,3A,3A,408,,,,,,445
450,LCO,R-5C9,5,4,Positioner,P0534,11606,R-5,C9,3B,3B,3B,409,C11141018,E2,10,284,,534
451,LCO,R-7C7,5,4,Positioner,P1075,11258,R-7,C7,3C,3C,3C,410,C11141018,E3,10,294,,1075
452,LCO,R-8C6,5,4,Positioner,P1292,11262,R-8,C6,3D,3D,3D,411,,,,,,1292
453,LCO,R-9C5,5,4,Positioner,P0496,216,R-9,C5,3E,3E,3E,412,C11141018,E4,10,287,,496
454,LCO,R-5C6,6,1,Positioner,P0900,11471,R-5,C6,10A,10A,10A,456,,,,,,900
455,LCO,R-6C5,6,1,Positioner,P0864,11496,R-6,C5,10B,10B,10B,457,C11224003,D6,9,251,,864
456,LCO,R-5C5,6,1,Positioner,P0109,11253,R-5,C5,10C,10C,10C,458,C11224003,E1,9,263,,109
457,LCO,R-4C5,6,1,Positioner,P1228,11415,R-4,C5,10D,10D,10D,459,C11224003,E2,9,252,,1228
458,LCO,R-4C7,6,1,Positioner,P0778,11475,R-4,C7,10E,10E,10E,460,C11224003,E3,9,259,,778
459,LCO,R-7C5,6,1,Positioner,P0712,11417,R-7,C5,11A,11A,11A,451,C11224003,E4,9,253,,712
460,LCO,R-8C4,6,1,Positioner,P1175,11418,R-8,C4,11B,11B,11B,452,,,,,,1175
461,LCO,R-6C4,6,1,Positioner,P0048,11194,R-6,C4,11C,11C,11C,453,,,,,,48
462,LCO,R-5C4,6,1,Positioner,P0398,11248,R-5,C4,11D,11D,11D,454,,,,,,398
463,LCO,R-4C4,6,1,Positioner,P1371,11376,R-4,C4,11E,11E,11E,455,,,,,,1371
464,LCO,R-3C10,6,1,Positioner,P0508,11420,R-3,C10,12A,12A,12A,447,,,,,,508
465,LCO,R-4C6,6,1,Fiducial,FTO-201701,201701,R-4,C6,19AA,19AA,19AA,,,,,,,0
466,LCO,R-7C4,6,1,Fiducial,FTO-201706,201706,R-7,C4,19BA,19BA,19BA,,,,,,,0
467,LCO,R-3C4,6,1,Fiducial,FTO-201746,201746,R-3,C4,19CA,19CA,19CA,,,,,,,0
468,LCO,R-3C5,6,1,Positioner,P0429,11377,R-3,C5,8A,8A,8A,466,C11224003,D1,9,264,,429
469,LCO,R-3C6,6,1,Positioner,P1210,11490,R-3,C6,8B,8B,8B,467,,,,,,1210
470,LCO,R-3C7,6,1,Positioner,P0060,11488,R-3,C7,8C,8C,8C,468,C11224003,D2,9,254,,60
471,LCO,R-3C8,6,1,Positioner,P0158,11446,R-3,C8,8D,8D,8D,469,,,,,,158
472,LCO,R-3C9,6,1,Positioner,P0059,11447,R-3,C9,8E,8E,8E,470,C11224003,D3,9,245,,59
473,LCO,R-4C8,6,1,Positioner,P1227,11366,R-4,C8,9A,9A,9A,461,,,,,,1227
474,LCO,R-4C9,6,1,Positioner,P1379,11443,R-4,C9,9B,9B,9B,462,C11224003,D4,9,270,,1379
475,LCO,R-5C8,6,1,Positioner,P1048,11521,R-5,C8,9C,9C,9C,463,,,,,,1048
476,LCO,R-5C7,6,1,Positioner,P1262,11440,R-5,C7,9D,9D,9D,464,C11224003,D5,9,262,,1262
477,LCO,R-6C6,6,1,Positioner,P0774,11506,R-6,C6,9E,9E,9E,465,,,,,,774
478,LCO,R-2C11,6,2,Positioner,P0316,11421,R-2,C11,12B,12B,12B,448,C11224003,E5,9,268,,316
479,LCO,R-2C9,6,2,Positioner,P0559,11388,R-2,C9,12D,12D,12D,449,C11224003,E6,9,258,,559
480,LCO,R-2C8,6,2,Positioner,P0961,11407,R-2,C8,12E,12E,12E,450,,,,,,961
481,LCO,R-3C3,6,2,Positioner,P0165,11466,R-3,C3,13A,13A,13A,442,C11141018,A1,10,278,,165
482,LCO,R-4C3,6,2,Positioner,P0617,11360,R-4,C3,13B,13B,13B,443,C11141018,A2,10,286,,617
483,LCO,R-5C3,6,2,Positioner,P0435,11361,R-5,C3,13C,13C,13C,444,C11141018,A3,10,290,,435
484,LCO,R-6C3,6,2,Positioner,P0439,11492,R-6,C3,13D,13D,13D,445,C11141018,A4,10,298,,439
485,LCO,R-7C3,6,2,Positioner,P0889,11487,R-7,C3,13E,13E,13E,446,C11141018,A5,10,300,,889
486,LCO,R-7C6,6,2,Positioner,P1030,11429,R-7,C6,14A,14A,14A,437,,,,,,1030
487,LCO,R-6C7,6,2,Positioner,P1275,11359,R-6,C7,14B,14B,14B,438,C11141018,A6,10,280,,1275
488,LCO,R-8C3,6,2,Positioner,P1255,11474,R-8,C3,6A,6A,6A,476,C11224003,B6,9,267,,1255
489,LCO,R-9C3,6,2,Positioner,P1238,11283,R-9,C3,6B,6B,6B,477,C11224003,C1,9,256,,1238
490,LCO,R-10C3,6,2,Positioner,P1248,11473,R-10,C3,6C,6C,6C,478,C11224003,C2,9,242,,1248
491,LCO,R-9C4,6,2,Positioner,P0782,11266,R-9,C4,6D,6D,6D,479,,,,,,782
492,LCO,R-8C5,6,2,Positioner,P0752,11428,R-8,C5,6E,6E,6E,480,C11224003,C3,9,265,,752
493,LCO,R-2C7,6,2,Positioner,P1237,11444,R-2,C7,7A,7A,7A,471,C11224003,C4,9,255,,1237
494,LCO,R-2C6,6,2,Positioner,P1401,11442,R-2,C6,7B,7B,7B,472,,,,,,1401
495,LCO,R-2C5,6,2,Positioner,P0913,11479,R-2,C5,7C,7C,7C,473,C11224003,C5,9,249,,913
496,LCO,R-2C4,6,2,Positioner,P0441,11398,R-2,C4,7D,7D,7D,474,,,,,,441
497,LCO,R-2C3,6,2,Positioner,P1205,11467,R-2,C3,7E,7E,7E,475,C11224003,C6,9,257,,1205
498,LCO,R-1C12,6,3,Positioner,P0551,11364,R-1,C12,14C,14C,14C,439,,,,,,551
499,LCO,R-1C11,6,3,Positioner,P1146,11307,R-1,C11,14D,14D,14D,440,C11141018,B1,10,282,,1146
500,LCO,R-1C10,6,3,Positioner,P0621,11526,R-1,C10,14E,14E,14E,441,,,,,,621
501,LCO,R-1C4,6,3,Positioner,P0606,10918,R-1,C4,15A,15A,15A,432,,,,,,606
502,LCO,R-1C3,6,3,Positioner,P1123,11083,R-1,C3,15B,15B,15B,433,C11141018,B2,10,281,,1123
503,LCO,R-1C2,6,3,Positioner,P0127,11115,R-1,C2,15C,15C,15C,434,,,,,,127
504,LCO,R-2C2,6,3,Positioner,P0574,11426,R-2,C2,15D,15D,15D,435,,,,,,574
505,LCO,R-3C2,6,3,Positioner,P1386,11431,R-3,C2,15E,15E,15E,436,,,,,,1386
506,LCO,R-10C2,6,3,Positioner,P0313,11430,R-10,C2,16A,16A,16A,427,,,,,,313
507,LCO,R-11C2,6,3,Positioner,P0603,10691,R-11,C2,16B,16B,16B,428,,,,,,603
508,LCO,R-12C1,6,3,Positioner,P0555,11285,R-12,C1,16C,16C,16C,429,C11141018,B3,10,296,,555
509,LCO,R-6C2,6,3,Fiducial,FTO-201708,201708,R-6,C2,19DA,19DA,19DA,,,,,,,0
510,LCO,R-4C2,6,3,Positioner,P0300,11373,R-4,C2,4A,4A,4A,486,,,,,,300
511,LCO,R-5C2,6,3,Positioner,P0418,11372,R-5,C2,4B,4B,4B,487,,,,,,418
512,LCO,R-7C2,6,3,Positioner,P0775,11139,R-7,C2,4C,4C,4C,488,,,,,,775
513,LCO,R-8C2,6,3,Positioner,P0966,11191,R-8,C2,4D,4D,4D,489,,,,,,966
514,LCO,R-9C2,6,3,Positioner,P0267,11189,R-9,C2,4E,4E,4E,490,,,,,,267
515,LCO,R-1C9,6,3,Positioner,P0281,11455,R-1,C9,5A,5A,5A,481,C11224003,B3,9,244,,281
516,LCO,R-1C8,6,3,Positioner,P0882,11457,R-1,C8,5B,5B,5B,482,,,,,,882
517,LCO,R-1C7,6,3,Positioner,P0657,11462,R-1,C7,5C,5C,5C,483,C11224003,B4,9,247,,657
518,LCO,R-1C6,6,3,Positioner,P1097,11461,R-1,C6,5D,5D,5D,484,,,,,,1097
519,LCO,R-1C5,6,3,Positioner,P0284,11449,R-1,C5,5E,5E,5E,485,C11224003,B5,9,266,,284
520,LCO,R0C13,6,4,Positioner,P0197,11477,R0,C13,16D,16D,16D,430,C11141018,B4,10,292,,197
521,LCO,R0C11,6,4,Positioner,P0351,11508,R0,C11,16E,16E,16E,431,C11141018,B5,10,285,,351
522,LCO,R0C3,6,4,Positioner,P0703,11454,R0,C3,17A,17A,17A,422,C11141018,B6,10,297,,703
523,LCO,R0C2,6,4,Positioner,P1206,10631,R0,C2,17B,17B,17B,423,C11141018,C1,10,295,,1206
524,LCO,R0C1,6,4,Positioner,P1268,10652,R0,C1,17C,17C,17C,424,C11141018,C2,10,277,,1268
525,LCO,R-1C1,6,4,Positioner,P0013,11095,R-1,C1,17D,17D,17D,425,C11141018,C3,10,293,,13
526,LCO,R-2C1,6,4,Positioner,P0027,184,R-2,C1,17E,17E,17E,426,C11141018,C4,10,275,,27
527,LCO,R-8C1,6,4,Positioner,P0682,470,R-8,C1,18A,18A,18A,418,C11141018,C5,10,276,,682
528,LCO,R-9C1,6,4,Positioner,P0089,11559,R-9,C1,18B,18B,18B,419,C11141018,C6,10,272,,89
529,LCO,R-10C1,6,4,Positioner,P0145,11626,R-10,C1,18C,18C,18C,420,C11141018,D1,10,291,,145
530,LCO,R-11C1,6,4,Positioner,P0266,10985,R-11,C1,18D,18D,18D,421,C11141018,D2,10,271,,266
531,LCO,R0C12,6,4,Fiducial,FTO-201417,201417,R0,C12,19EA,19EA,19EA,,,,,,,0
532,LCO,R0C8,6,4,Fiducial,FTO-201153,201153,R0,C8,1AA,1AA,1AA,,,,,,,0
533,LCO,R0C4,6,4,Fiducial,FTO-201754,201754,R0,C4,1BA,1BA,1BA,,,,,,,0
534,LCO,R-3C1,6,4,Positioner,P0595,11515,R-3,C1,2A,2A,2A,496,C11224003,A1,9,269,,595
535,LCO,R-4C1,6,4,Positioner,P0166,292,R-4,C1,2B,2B,2B,497,C11224003,A2,9,248,,166
536,LCO,R-5C1,6,4,Positioner,P0172,11034,R-5,C1,2C,2C,2C,498,C11224003,A3,9,241,,172
537,LCO,R-6C1,6,4,Positioner,P0632,11002,R-6,C1,2D,2D,2D,499,C11224003,A4,9,261,,632
538,LCO,R-7C1,6,4,Positioner,P0666,10829,R-7,C1,2E,2E,2E,500,C11224003,A5,9,260,,666
539,LCO,R0C10,6,4,Positioner,P0833,11519,R0,C10,3A,3A,3A,491,,,,,,833
540,LCO,R0C9,6,4,Positioner,P1319,10644,R0,C9,3B,3B,3B,492,C11224003,A6,9,246,,1319
541,LCO,R0C7,6,4,Positioner,P0763,10561,R0,C7,3C,3C,3C,493,C11224003,B1,9,250,,763
542,LCO,R0C6,6,4,Positioner,P0797,11483,R0,C6,3D,3D,3D,494,,,,,,797
543,LCO,R0C5,6,4,Positioner,P1257,11453,R0,C5,3E,3E,3E,495,C11224003,B2,9,243,,1257
